{"type":"FeatureCollection","features":[{"type":"Feature","id":"35.78.29","properties":{"name":"BULAK","code":"35.78.29","area":6.24,"legalBasis":"Peraturan Walikota Surabaya Nomor 26 Tahun 2023"},"geometry":{"type":"MultiPolygon","coordinates":[[[[112.780321,-7.20881],[112.780369,-7.209151],[112.780336,-7.209231],[112.780275,-7.209241],[112.780243,-7.209529],[112.780301,-7.209915],[112.78139,-7.210371],[112.781763,-7.210556],[112.781873,-7.210652],[112.782028,-7.210998],[112.782212,-7.21198],[112.782505,-7.213203],[112.782608,-7.213349],[112.782844,-7.213516],[112.783435,-7.214076],[112.784173,-7.214692],[112.784488,-7.215892],[112.784793,-7.217271],[112.785185,-7.217501],[112.785408,-7.218093],[112.785499,-7.218219],[112.787308,-7.219255],[112.787396,-7.219355],[112.787433,-7.219487],[112.787462,-7.220113],[112.787416,-7.220423],[112.787553,-7.220574],[112.787544,-7.220911],[112.787614,-7.22093],[112.787651,-7.22114],[112.787622,-7.221165],[112.787678,-7.22117],[112.787669,-7.221387],[112.787715,-7.22139],[112.787712,-7.221542],[112.787726,-7.221621],[112.787761,-7.221619],[112.787793,-7.221874],[112.787846,-7.221874],[112.787855,-7.221957],[112.787892,-7.221954],[112.787928,-7.222205],[112.787983,-7.222193],[112.787997,-7.222236],[112.787992,-7.222719],[112.788041,-7.222722],[112.788052,-7.222908],[112.78809,-7.222911],[112.788104,-7.223225],[112.788165,-7.223239],[112.788221,-7.223391],[112.788577,-7.225024],[112.788903,-7.225981],[112.789068,-7.226041],[112.789168,-7.226022],[112.789201,-7.226036],[112.789184,-7.226098],[112.78944,-7.226122],[112.790062,-7.22633],[112.790975,-7.226828],[112.791346,-7.227119],[112.792724,-7.230301],[112.792729,-7.230444],[112.792822,-7.230628],[112.793538,-7.230422],[112.794072,-7.230362],[112.794095,-7.230395],[112.794063,-7.230424],[112.794325,-7.231416],[112.794522,-7.231703],[112.794627,-7.231999],[112.79466,-7.231993],[112.794685,-7.232181],[112.794738,-7.232178],[112.794849,-7.232532],[112.794521,-7.232635],[112.794529,-7.232684],[112.794039,-7.232898],[112.794074,-7.232968],[112.794551,-7.232771],[112.794608,-7.232907],[112.794886,-7.23279],[112.795788,-7.235136],[112.795358,-7.235296],[112.795328,-7.23533],[112.795309,-7.235653],[112.796056,-7.235691],[112.796137,-7.235738],[112.796103,-7.235974],[112.795457,-7.235937],[112.795422,-7.236014],[112.795412,-7.236269],[112.795452,-7.236482],[112.795517,-7.236622],[112.795583,-7.236607],[112.795552,-7.236711],[112.795781,-7.23736],[112.795909,-7.237304],[112.795949,-7.237355],[112.795864,-7.237421],[112.795872,-7.237458],[112.795791,-7.237488],[112.795836,-7.237694],[112.795982,-7.237768],[112.795939,-7.237876],[112.795967,-7.237987],[112.796339,-7.237889],[112.796352,-7.237991],[112.796181,-7.238197],[112.796339,-7.238129],[112.79637,-7.238064],[112.796429,-7.238089],[112.796401,-7.238166],[112.796456,-7.238169],[112.796459,-7.238307],[112.796418,-7.238325],[112.796396,-7.238423],[112.796666,-7.238441],[112.796964,-7.238651],[112.797169,-7.23976],[112.797475,-7.240368],[112.797499,-7.240477],[112.797433,-7.240522],[112.797498,-7.24051],[112.797543,-7.240632],[112.797592,-7.240616],[112.797606,-7.240533],[112.797672,-7.24048],[112.798185,-7.240416],[112.798883,-7.240186],[112.798906,-7.240296],[112.798803,-7.240325],[112.798819,-7.240416],[112.798683,-7.240446],[112.798771,-7.240756],[112.798904,-7.240722],[112.798948,-7.240864],[112.799164,-7.240823],[112.799227,-7.241254],[112.799503,-7.241204],[112.799502,-7.241376],[112.799442,-7.24142],[112.79968,-7.241367],[112.7997,-7.241469],[112.799449,-7.241517],[112.799476,-7.241631],[112.799696,-7.241589],[112.799719,-7.241708],[112.799789,-7.2417],[112.799818,-7.241865],[112.800059,-7.241811],[112.800082,-7.241928],[112.799972,-7.241957],[112.800038,-7.242184],[112.800088,-7.24218],[112.800106,-7.242295],[112.799934,-7.242328],[112.799962,-7.242498],[112.800137,-7.242468],[112.800124,-7.242391],[112.800195,-7.242372],[112.800216,-7.242443],[112.800287,-7.242429],[112.800262,-7.242265],[112.800178,-7.24228],[112.800157,-7.242149],[112.800319,-7.242121],[112.800345,-7.242256],[112.80055,-7.242236],[112.800585,-7.24238],[112.800621,-7.242361],[112.800599,-7.242229],[112.800654,-7.242203],[112.800456,-7.242227],[112.800445,-7.242155],[112.800549,-7.24214],[112.800547,-7.242091],[112.800611,-7.242081],[112.800627,-7.242131],[112.800747,-7.242111],[112.800748,-7.242057],[112.800822,-7.242049],[112.800833,-7.242182],[112.800732,-7.242192],[112.800746,-7.242334],[112.800811,-7.242337],[112.800847,-7.242552],[112.800953,-7.242536],[112.800976,-7.242347],[112.801054,-7.242323],[112.801056,-7.242281],[112.80111,-7.242301],[112.80109,-7.242167],[112.801172,-7.242125],[112.801161,-7.242018],[112.801201,-7.242005],[112.801285,-7.242447],[112.801282,-7.242672],[112.801311,-7.242674],[112.801364,-7.242889],[112.801138,-7.242941],[112.801072,-7.24316],[112.801089,-7.24323],[112.800877,-7.243302],[112.800927,-7.243514],[112.801106,-7.243476],[112.801132,-7.243604],[112.801105,-7.243655],[112.801145,-7.243656],[112.801164,-7.243787],[112.801082,-7.243805],[112.801048,-7.243961],[112.801118,-7.244356],[112.801195,-7.244335],[112.801197,-7.244381],[112.802325,-7.244131],[112.802345,-7.244186],[112.8012,-7.244427],[112.801203,-7.244459],[112.801147,-7.244477],[112.801223,-7.2448],[112.801292,-7.244791],[112.801336,-7.244963],[112.801884,-7.24484],[112.801972,-7.245182],[112.802318,-7.245022],[112.802497,-7.245091],[112.80244,-7.245155],[112.802449,-7.245204],[112.802573,-7.245158],[112.802595,-7.245208],[112.802682,-7.245233],[112.802777,-7.24551],[112.802824,-7.24555],[112.8028,-7.245594],[112.802832,-7.24565],[112.802825,-7.245761],[112.802737,-7.245808],[112.802768,-7.245838],[112.802728,-7.245908],[112.802736,-7.246006],[112.802667,-7.246012],[112.802682,-7.246113],[112.802628,-7.246187],[112.802679,-7.246387],[112.802646,-7.246594],[112.802691,-7.246634],[112.80272,-7.246798],[112.802695,-7.246861],[112.802633,-7.246852],[112.802774,-7.247288],[112.802895,-7.247248],[112.803238,-7.247525],[112.803521,-7.247562],[112.803801,-7.247699],[112.803848,-7.24778],[112.803907,-7.247783],[112.803937,-7.247932],[112.803904,-7.247959],[112.803953,-7.248074],[112.803972,-7.248013],[112.804021,-7.248006],[112.804028,-7.247932],[112.803988,-7.247886],[112.804024,-7.247859],[112.804009,-7.247807],[112.804029,-7.247763],[112.804074,-7.24779],[112.804088,-7.247739],[112.804377,-7.247713],[112.804571,-7.247754],[112.804709,-7.247906],[112.804667,-7.248195],[112.804589,-7.24839],[112.804417,-7.248446],[112.804422,-7.248298],[112.804489,-7.248272],[112.804358,-7.248169],[112.804305,-7.248221],[112.804244,-7.248216],[112.804207,-7.248283],[112.804034,-7.248241],[112.803753,-7.248531],[112.803749,-7.248579],[112.803688,-7.248604],[112.803594,-7.248794],[112.803303,-7.249095],[112.803885,-7.249712],[112.80393,-7.249701],[112.803968,-7.249822],[112.803908,-7.249861],[112.803962,-7.250198],[112.804005,-7.250195],[112.80403,-7.250062],[112.804314,-7.249596],[112.80472,-7.249177],[112.804673,-7.249096],[112.804802,-7.248908],[112.804811,-7.248822],[112.804892,-7.24879],[112.804908,-7.24868],[112.804985,-7.248674],[112.805068,-7.24856],[112.80504,-7.248489],[112.805094,-7.248482],[112.805074,-7.248421],[112.805138,-7.248455],[112.805139,-7.248386],[112.805241,-7.248325],[112.805169,-7.248185],[112.805206,-7.248113],[112.805312,-7.248081],[112.805335,-7.2482],[112.805405,-7.248226],[112.805591,-7.248474],[112.805695,-7.248722],[112.805686,-7.248789],[112.805727,-7.248807],[112.805768,-7.248937],[112.806327,-7.249806],[112.806647,-7.250503],[112.806753,-7.250891],[112.80678,-7.251294],[112.806762,-7.251408],[112.806556,-7.251721],[112.806542,-7.251786],[112.806619,-7.251837],[112.806663,-7.251702],[112.806898,-7.251349],[112.806891,-7.251117],[112.806938,-7.251061],[112.806978,-7.250744],[112.806905,-7.25065],[112.806915,-7.25058],[112.806813,-7.25024],[112.806851,-7.250176],[112.806771,-7.250035],[112.806726,-7.249799],[112.806758,-7.24978],[112.806714,-7.249657],[112.806738,-7.249569],[112.80665,-7.249334],[112.806667,-7.249192],[112.80653,-7.248968],[112.806481,-7.248779],[112.806665,-7.248325],[112.806967,-7.24799],[112.807041,-7.248097],[112.807105,-7.248074],[112.807066,-7.247879],[112.807412,-7.247494],[112.808066,-7.247083],[112.808897,-7.246746],[112.809504,-7.246637],[112.809649,-7.246678],[112.810067,-7.247203],[112.810392,-7.247116],[112.810637,-7.246893],[112.810239,-7.253954],[112.809967,-7.254467],[112.80664,-7.255664],[112.806562,-7.255739],[112.806445,-7.255767],[112.804157,-7.255377],[112.804097,-7.25532],[112.802991,-7.25512],[112.802658,-7.255019],[112.802227,-7.254811],[112.801452,-7.254553],[112.799697,-7.254095],[112.797615,-7.253473],[112.797067,-7.253367],[112.796656,-7.253178],[112.795549,-7.252883],[112.795212,-7.252847],[112.791843,-7.25193],[112.791967,-7.251366],[112.791494,-7.25124],[112.791538,-7.250997],[112.79263,-7.251201],[112.792831,-7.248209],[112.789981,-7.247953],[112.789931,-7.247892],[112.788529,-7.247756],[112.782843,-7.247274],[112.783204,-7.244469],[112.78321,-7.244063],[112.78363,-7.242399],[112.78361,-7.241258],[112.783494,-7.23909],[112.783508,-7.238093],[112.783563,-7.237427],[112.7838,-7.235913],[112.784047,-7.235119],[112.783988,-7.235097],[112.783833,-7.235156],[112.783564,-7.23513],[112.781449,-7.234842],[112.781154,-7.23574],[112.781062,-7.235712],[112.780613,-7.235752],[112.780332,-7.235695],[112.780358,-7.235591],[112.779996,-7.235285],[112.779966,-7.235222],[112.780068,-7.234936],[112.780248,-7.234851],[112.780338,-7.234755],[112.780332,-7.234587],[112.780036,-7.234199],[112.780062,-7.234008],[112.779959,-7.233972],[112.779985,-7.233881],[112.779884,-7.233851],[112.779909,-7.233763],[112.779702,-7.233713],[112.779776,-7.233467],[112.779597,-7.233434],[112.779618,-7.233011],[112.779525,-7.232973],[112.779286,-7.233619],[112.779167,-7.23356],[112.779123,-7.233657],[112.778387,-7.233217],[112.777977,-7.233066],[112.777478,-7.234156],[112.777857,-7.234494],[112.777766,-7.234917],[112.777687,-7.234895],[112.777597,-7.235202],[112.777248,-7.235129],[112.777182,-7.235379],[112.776325,-7.235181],[112.776232,-7.235415],[112.775883,-7.235908],[112.775767,-7.236176],[112.775503,-7.236556],[112.775433,-7.236519],[112.775213,-7.236801],[112.774805,-7.23694],[112.774485,-7.236957],[112.774301,-7.236915],[112.774276,-7.236988],[112.774082,-7.237081],[112.773829,-7.237065],[112.773705,-7.236948],[112.773649,-7.236727],[112.773501,-7.23653],[112.773224,-7.236348],[112.773124,-7.236211],[112.771771,-7.236124],[112.771537,-7.236066],[112.771714,-7.235607],[112.77103,-7.23535],[112.770827,-7.235812],[112.770608,-7.235732],[112.77085,-7.23471],[112.770773,-7.234691],[112.770782,-7.234651],[112.770943,-7.234684],[112.771385,-7.233079],[112.772674,-7.233231],[112.773051,-7.232303],[112.77497,-7.232216],[112.77556,-7.229801],[112.776456,-7.230126],[112.776513,-7.229941],[112.776678,-7.229994],[112.776776,-7.229675],[112.777487,-7.229773],[112.777529,-7.229723],[112.777489,-7.229278],[112.777616,-7.229286],[112.777616,-7.229253],[112.778079,-7.229012],[112.778557,-7.229013],[112.778564,-7.228973],[112.780048,-7.229339],[112.780175,-7.229334],[112.780216,-7.229287],[112.780432,-7.22884],[112.781149,-7.228964],[112.781142,-7.229392],[112.781185,-7.229798],[112.781225,-7.22986],[112.781427,-7.229891],[112.781303,-7.230461],[112.783513,-7.230662],[112.78351,-7.230926],[112.783649,-7.231295],[112.783479,-7.231261],[112.783424,-7.231415],[112.783677,-7.231438],[112.783851,-7.231267],[112.783898,-7.230899],[112.7838,-7.230869],[112.783798,-7.23073],[112.783921,-7.229612],[112.78387,-7.229144],[112.783758,-7.229122],[112.783772,-7.228711],[112.784248,-7.228237],[112.784377,-7.227886],[112.783798,-7.227879],[112.783792,-7.227589],[112.783579,-7.227581],[112.783454,-7.227477],[112.783404,-7.227246],[112.782549,-7.227254],[112.78269,-7.22704],[112.783174,-7.22666],[112.783657,-7.225765],[112.783977,-7.225285],[112.784511,-7.225394],[112.785138,-7.225408],[112.785524,-7.225552],[112.785556,-7.225765],[112.785761,-7.225935],[112.785733,-7.226067],[112.785934,-7.226099],[112.785893,-7.226473],[112.786096,-7.226569],[112.786146,-7.226311],[112.786275,-7.226327],[112.786451,-7.225379],[112.786926,-7.223408],[112.78495,-7.223148],[112.78438,-7.223029],[112.783908,-7.225278],[112.783788,-7.225261],[112.7837,-7.225435],[112.783528,-7.225618],[112.783472,-7.225939],[112.783277,-7.22632],[112.783114,-7.226498],[112.782905,-7.226592],[112.782556,-7.226906],[112.781927,-7.226578],[112.782305,-7.225684],[112.783409,-7.225987],[112.783468,-7.225644],[112.78377,-7.225233],[112.783913,-7.224688],[112.783992,-7.224126],[112.784123,-7.223777],[112.784075,-7.223118],[112.78411,-7.22297],[112.784066,-7.222118],[112.784081,-7.221646],[112.782658,-7.221124],[112.782641,-7.221181],[112.782515,-7.221148],[112.780931,-7.220731],[112.779843,-7.220383],[112.780032,-7.219845],[112.777438,-7.21888],[112.777319,-7.220103],[112.776924,-7.222095],[112.775589,-7.221801],[112.775947,-7.219922],[112.775407,-7.219804],[112.775685,-7.218383],[112.777271,-7.218919],[112.77734,-7.217619],[112.777598,-7.217333],[112.777875,-7.216199],[112.77834,-7.215185],[112.77928,-7.211439],[112.779423,-7.210985],[112.779715,-7.210352],[112.780028,-7.208801],[112.780071,-7.208811],[112.780095,-7.208721],[112.780161,-7.208709],[112.780263,-7.208737],[112.780321,-7.20881]]]]}},{"type":"Feature","id":"35.78.04","properties":{"name":"WONOKROMO","code":"35.78.04","area":8.28,"legalBasis":"Peraturan Walikota Surabaya Nomor 63 Tahun 2022"},"geometry":{"type":"MultiPolygon","coordinates":[[[[112.747558,-7.290123],[112.747256,-7.291106],[112.748017,-7.291559],[112.750065,-7.292375],[112.752144,-7.293129],[112.754176,-7.293547],[112.754943,-7.293616],[112.757104,-7.293655],[112.755844,-7.298471],[112.754308,-7.304114],[112.760075,-7.305696],[112.760001,-7.306207],[112.758481,-7.305828],[112.758263,-7.305804],[112.758079,-7.30579],[112.757797,-7.305837],[112.757283,-7.305806],[112.757232,-7.305862],[112.756791,-7.305797],[112.756621,-7.30599],[112.756365,-7.305937],[112.756364,-7.305999],[112.756255,-7.306019],[112.756246,-7.306069],[112.755492,-7.305969],[112.7555,-7.305922],[112.755383,-7.305896],[112.755397,-7.305828],[112.754253,-7.305651],[112.754238,-7.305708],[112.753439,-7.305584],[112.753419,-7.305766],[112.75307,-7.305681],[112.753043,-7.305831],[112.752873,-7.305806],[112.752853,-7.305964],[112.752704,-7.305932],[112.752703,-7.305837],[112.752634,-7.305839],[112.752574,-7.305872],[112.752402,-7.305867],[112.752397,-7.305915],[112.752178,-7.305882],[112.752154,-7.305997],[112.7515,-7.305872],[112.751491,-7.305919],[112.750831,-7.305823],[112.75082,-7.305873],[112.750687,-7.305849],[112.750681,-7.305888],[112.750367,-7.30585],[112.748964,-7.305842],[112.748956,-7.305792],[112.748715,-7.305786],[112.748707,-7.305912],[112.745351,-7.305927],[112.74178,-7.30589],[112.741274,-7.308525],[112.74116,-7.308461],[112.74061,-7.311079],[112.739202,-7.311006],[112.739023,-7.312071],[112.735044,-7.311179],[112.735174,-7.310567],[112.732876,-7.31017],[112.732494,-7.309975],[112.732197,-7.309908],[112.730968,-7.309684],[112.730705,-7.309688],[112.730438,-7.309728],[112.729902,-7.310093],[112.728321,-7.309507],[112.727749,-7.30925],[112.726014,-7.308281],[112.725435,-7.308121],[112.723971,-7.307594],[112.723786,-7.307377],[112.722537,-7.307888],[112.719965,-7.308025],[112.719938,-7.306823],[112.719977,-7.3065],[112.720097,-7.306358],[112.720118,-7.306266],[112.720161,-7.305637],[112.720269,-7.30512],[112.720632,-7.302053],[112.720962,-7.299777],[112.721072,-7.299235],[112.721049,-7.298933],[112.720749,-7.298338],[112.720728,-7.298111],[112.720813,-7.297484],[112.720864,-7.296268],[112.720998,-7.295875],[112.721196,-7.295639],[112.721411,-7.295463],[112.721646,-7.295338],[112.72201,-7.295005],[112.72213,-7.294959],[112.722487,-7.294992],[112.723177,-7.29485],[112.723436,-7.294617],[112.7236,-7.294212],[112.723686,-7.294097],[112.724504,-7.294035],[112.724591,-7.29399],[112.724972,-7.293344],[112.724982,-7.293241],[112.724836,-7.293033],[112.724958,-7.292203],[112.72867,-7.292468],[112.728909,-7.292177],[112.728781,-7.29208],[112.729018,-7.291787],[112.729302,-7.290848],[112.7294,-7.29066],[112.729668,-7.29033],[112.729952,-7.290125],[112.730117,-7.289807],[112.730374,-7.289146],[112.730412,-7.288836],[112.730388,-7.288733],[112.729689,-7.287744],[112.729594,-7.287552],[112.729564,-7.287248],[112.729763,-7.286636],[112.729679,-7.286105],[112.729698,-7.285868],[112.729749,-7.28577],[112.730004,-7.285563],[112.730152,-7.285118],[112.730238,-7.284066],[112.730174,-7.283745],[112.73006,-7.283426],[112.729552,-7.282694],[112.729261,-7.282012],[112.728939,-7.281657],[112.728922,-7.281556],[112.728972,-7.281363],[112.729209,-7.280752],[112.729201,-7.280617],[112.729119,-7.28043],[112.729056,-7.280331],[112.728841,-7.280154],[112.728134,-7.279835],[112.727782,-7.279617],[112.727639,-7.279482],[112.727601,-7.279374],[112.727708,-7.278605],[112.727571,-7.278176],[112.727522,-7.277801],[112.72799,-7.27664],[112.728875,-7.27766],[112.73172,-7.281202],[112.733276,-7.284399],[112.735914,-7.289643],[112.736836,-7.289344],[112.737663,-7.289178],[112.738513,-7.289148],[112.739041,-7.28919],[112.740037,-7.289363],[112.740892,-7.289617],[112.741252,-7.289824],[112.741646,-7.290172],[112.742495,-7.290191],[112.742854,-7.290313],[112.743521,-7.289403],[112.744068,-7.288845],[112.745006,-7.288036],[112.745809,-7.287168],[112.746006,-7.286862],[112.746515,-7.286292],[112.746997,-7.285546],[112.747199,-7.284844],[112.747246,-7.284429],[112.74723,-7.283814],[112.747105,-7.283112],[112.7468,-7.282357],[112.746213,-7.281115],[112.74544,-7.279775],[112.744971,-7.279103],[112.744054,-7.277256],[112.745445,-7.276699],[112.746156,-7.276369],[112.750351,-7.277294],[112.747558,-7.290123]]]]}},{"type":"Feature","id":"35.78.10","properties":{"name":"TAMBAKSARI","code":"35.78.10","area":8.97,"legalBasis":"Peraturan Walikota Surabaya Nomor 63 Tahun 2022"},"geometry":{"type":"MultiPolygon","coordinates":[[[[112.779748,-7.233578],[112.779702,-7.233713],[112.779909,-7.233763],[112.779884,-7.233851],[112.779985,-7.233881],[112.779959,-7.233972],[112.780062,-7.234008],[112.780036,-7.234199],[112.780274,-7.234493],[112.780346,-7.234645],[112.780324,-7.234775],[112.780054,-7.234955],[112.779966,-7.235222],[112.779996,-7.235285],[112.780358,-7.235591],[112.780332,-7.235695],[112.780425,-7.235732],[112.780437,-7.235705],[112.780613,-7.235752],[112.781062,-7.235712],[112.781154,-7.23574],[112.781449,-7.234842],[112.783564,-7.23513],[112.783833,-7.235156],[112.783988,-7.235097],[112.784047,-7.235119],[112.7838,-7.235913],[112.783563,-7.237427],[112.783508,-7.238093],[112.783494,-7.23909],[112.78361,-7.241258],[112.78363,-7.242399],[112.78321,-7.244063],[112.783204,-7.244469],[112.782843,-7.247274],[112.789444,-7.24785],[112.78938,-7.248027],[112.788787,-7.247975],[112.788402,-7.24966],[112.7882,-7.249586],[112.788228,-7.24948],[112.787607,-7.249324],[112.787463,-7.249949],[112.786724,-7.249699],[112.786651,-7.249583],[112.78652,-7.24948],[112.786326,-7.24941],[112.783648,-7.248943],[112.78333,-7.249712],[112.780645,-7.252215],[112.780544,-7.252122],[112.780506,-7.252232],[112.780408,-7.252294],[112.78037,-7.252468],[112.78032,-7.252519],[112.780455,-7.252655],[112.780754,-7.252793],[112.782283,-7.253268],[112.780977,-7.254879],[112.777969,-7.254316],[112.776305,-7.258678],[112.775996,-7.258609],[112.775574,-7.25867],[112.775425,-7.258764],[112.775334,-7.258881],[112.775234,-7.25925],[112.775114,-7.259227],[112.775002,-7.259292],[112.774965,-7.259385],[112.775027,-7.259613],[112.774844,-7.259789],[112.774591,-7.26025],[112.774324,-7.260877],[112.774339,-7.260972],[112.774481,-7.261188],[112.774062,-7.261875],[112.773917,-7.262576],[112.774168,-7.262667],[112.774262,-7.262651],[112.774603,-7.262398],[112.774946,-7.26268],[112.77511,-7.26275],[112.775582,-7.261932],[112.775993,-7.262137],[112.776314,-7.262229],[112.776412,-7.262307],[112.77828,-7.263216],[112.77803,-7.263616],[112.777686,-7.263826],[112.777372,-7.263846],[112.77697,-7.263984],[112.776877,-7.264041],[112.776858,-7.26413],[112.776398,-7.264105],[112.770438,-7.263501],[112.765323,-7.262899],[112.764725,-7.262841],[112.764238,-7.262843],[112.764006,-7.262799],[112.764238,-7.262914],[112.764386,-7.263065],[112.764557,-7.263328],[112.764431,-7.263375],[112.764449,-7.263454],[112.76428,-7.263478],[112.764244,-7.263601],[112.764182,-7.263577],[112.764081,-7.263877],[112.763806,-7.264264],[112.763341,-7.264669],[112.762943,-7.265091],[112.762695,-7.265609],[112.762727,-7.265874],[112.760864,-7.265885],[112.756393,-7.265745],[112.756332,-7.265914],[112.756037,-7.266215],[112.755638,-7.26653],[112.755465,-7.266622],[112.755262,-7.266869],[112.755145,-7.26738],[112.75517,-7.268277],[112.755125,-7.268605],[112.755044,-7.26878],[112.754808,-7.268978],[112.75455,-7.269043],[112.754125,-7.269017],[112.753629,-7.26889],[112.753246,-7.268708],[112.752938,-7.26848],[112.752513,-7.26787],[112.752276,-7.267673],[112.751851,-7.267706],[112.75161,-7.267841],[112.751241,-7.267947],[112.750761,-7.267997],[112.75007,-7.268211],[112.749755,-7.267908],[112.749987,-7.267434],[112.750338,-7.266869],[112.750644,-7.265844],[112.750702,-7.265239],[112.750667,-7.264498],[112.750631,-7.264236],[112.750513,-7.263947],[112.751691,-7.264186],[112.752267,-7.264225],[112.752834,-7.256099],[112.75047,-7.256022],[112.749673,-7.252645],[112.749697,-7.25145],[112.752757,-7.251394],[112.75311,-7.251443],[112.753258,-7.249143],[112.754628,-7.24919],[112.755587,-7.249315],[112.757653,-7.248655],[112.758069,-7.248706],[112.759199,-7.248968],[112.759625,-7.247169],[112.760416,-7.24426],[112.761785,-7.239823],[112.761998,-7.239351],[112.763734,-7.236322],[112.76406,-7.236464],[112.764341,-7.236449],[112.764664,-7.236345],[112.765216,-7.236288],[112.765619,-7.236144],[112.765816,-7.236171],[112.765975,-7.23569],[112.7664,-7.235866],[112.766661,-7.235838],[112.767071,-7.235889],[112.767008,-7.236306],[112.767256,-7.236375],[112.7672,-7.236551],[112.767698,-7.236688],[112.767852,-7.235862],[112.767965,-7.235903],[112.768202,-7.235886],[112.768212,-7.235848],[112.76842,-7.235905],[112.768425,-7.235876],[112.769516,-7.235797],[112.769999,-7.235816],[112.770013,-7.23578],[112.770322,-7.235744],[112.770494,-7.235798],[112.770653,-7.235796],[112.770667,-7.235753],[112.770827,-7.235812],[112.77103,-7.23535],[112.771714,-7.235607],[112.771537,-7.236066],[112.771771,-7.236124],[112.773073,-7.236189],[112.773224,-7.236348],[112.773501,-7.23653],[112.773649,-7.236727],[112.773705,-7.236948],[112.773795,-7.23705],[112.773909,-7.237088],[112.774082,-7.237081],[112.774276,-7.236988],[112.774301,-7.236915],[112.774723,-7.23696],[112.775263,-7.236761],[112.775433,-7.236519],[112.775503,-7.236556],[112.775767,-7.236176],[112.775883,-7.235908],[112.776232,-7.235415],[112.776325,-7.235181],[112.777182,-7.235379],[112.777248,-7.235129],[112.777597,-7.235202],[112.777687,-7.234895],[112.777766,-7.234917],[112.777857,-7.234494],[112.777478,-7.234156],[112.777977,-7.233066],[112.778387,-7.233217],[112.779123,-7.233657],[112.779167,-7.23356],[112.779286,-7.233619],[112.779525,-7.232973],[112.779618,-7.233011],[112.779597,-7.233434],[112.779776,-7.233467],[112.779748,-7.233578]]]]}},{"type":"Feature","id":"35.78.07","properties":{"name":"GENTENG","code":"35.78.07","area":4.09,"legalBasis":"Peraturan Walikota Surabaya Nomor 63 Tahun 2022"},"geometry":{"type":"MultiPolygon","coordinates":[[[[112.753319,-7.248039],[112.75311,-7.251443],[112.752757,-7.251394],[112.749697,-7.25145],[112.749673,-7.252645],[112.75047,-7.256022],[112.752834,-7.256099],[112.752267,-7.264225],[112.751691,-7.264186],[112.750513,-7.263947],[112.750631,-7.264236],[112.750667,-7.264498],[112.750702,-7.265239],[112.750644,-7.265844],[112.750338,-7.266869],[112.749987,-7.267434],[112.749755,-7.267908],[112.745523,-7.27173],[112.744859,-7.272388],[112.744576,-7.272853],[112.74397,-7.274112],[112.743538,-7.273914],[112.743482,-7.274018],[112.742237,-7.273271],[112.74176,-7.274943],[112.741303,-7.277341],[112.737823,-7.276558],[112.738254,-7.274771],[112.73833,-7.274145],[112.738401,-7.27415],[112.73841,-7.273998],[112.738463,-7.274001],[112.738471,-7.273959],[112.738539,-7.273931],[112.738764,-7.273925],[112.738944,-7.273939],[112.739249,-7.274034],[112.73936,-7.274107],[112.739342,-7.27415],[112.739486,-7.274204],[112.73948,-7.274253],[112.73962,-7.274324],[112.73953,-7.274482],[112.739648,-7.274541],[112.739702,-7.274443],[112.739666,-7.274361],[112.73981,-7.274147],[112.739937,-7.274225],[112.74023,-7.273819],[112.740594,-7.273947],[112.740747,-7.273395],[112.740761,-7.273297],[112.740421,-7.273097],[112.740185,-7.273049],[112.740305,-7.27275],[112.739677,-7.272417],[112.739712,-7.272143],[112.739577,-7.272129],[112.739696,-7.271739],[112.739046,-7.271522],[112.739085,-7.271322],[112.739049,-7.271309],[112.739129,-7.271057],[112.738368,-7.270877],[112.738957,-7.268597],[112.741508,-7.269092],[112.740965,-7.265748],[112.741121,-7.264065],[112.741087,-7.263712],[112.740872,-7.262992],[112.740537,-7.262155],[112.740098,-7.26142],[112.738202,-7.260668],[112.733164,-7.258442],[112.734221,-7.256191],[112.734275,-7.255787],[112.734649,-7.255879],[112.735333,-7.255926],[112.73699,-7.255755],[112.738169,-7.25599],[112.738202,-7.255594],[112.737788,-7.255005],[112.737715,-7.254805],[112.73769,-7.253951],[112.73758,-7.25347],[112.737204,-7.252786],[112.737171,-7.252499],[112.737351,-7.251863],[112.737655,-7.251467],[112.737902,-7.251274],[112.738426,-7.250933],[112.739153,-7.250593],[112.739686,-7.250295],[112.740476,-7.249817],[112.741033,-7.249427],[112.741593,-7.2489],[112.741778,-7.248615],[112.7422,-7.247772],[112.743616,-7.248121],[112.743916,-7.248159],[112.745789,-7.248157],[112.746569,-7.248292],[112.746803,-7.248387],[112.747582,-7.24668],[112.747552,-7.246275],[112.747365,-7.245243],[112.747331,-7.243509],[112.749535,-7.243668],[112.750056,-7.243803],[112.750846,-7.244093],[112.751516,-7.244439],[112.7519,-7.244776],[112.752162,-7.245086],[112.752755,-7.245982],[112.752917,-7.246291],[112.753103,-7.246744],[112.753253,-7.247282],[112.753319,-7.248039]]]]}},{"type":"Feature","id":"35.78.13","properties":{"name":"BUBUTAN","code":"35.78.13","area":3.91,"legalBasis":"Peraturan Walikota Surabaya Nomor 63 Tahun 2022"},"geometry":{"type":"MultiPolygon","coordinates":[[[[112.738512,-7.245119],[112.739222,-7.245095],[112.739832,-7.24497],[112.740321,-7.244807],[112.741783,-7.244198],[112.742131,-7.244125],[112.742621,-7.244097],[112.742952,-7.244784],[112.743047,-7.24525],[112.742928,-7.245947],[112.742779,-7.246364],[112.7422,-7.247772],[112.741778,-7.248615],[112.741593,-7.2489],[112.741033,-7.249427],[112.740476,-7.249817],[112.739153,-7.250593],[112.738426,-7.250933],[112.737902,-7.251274],[112.737655,-7.251467],[112.737351,-7.251863],[112.737171,-7.252499],[112.737204,-7.252786],[112.73758,-7.25347],[112.73769,-7.253951],[112.737715,-7.254805],[112.737788,-7.255005],[112.738202,-7.255594],[112.738169,-7.25599],[112.73699,-7.255755],[112.735333,-7.255926],[112.734649,-7.255879],[112.734275,-7.255787],[112.734228,-7.25599],[112.733966,-7.256031],[112.732288,-7.25586],[112.73206,-7.255875],[112.731459,-7.256191],[112.730968,-7.256301],[112.73068,-7.256272],[112.729819,-7.256038],[112.728943,-7.25607],[112.726078,-7.255739],[112.725905,-7.25693],[112.725623,-7.256965],[112.725249,-7.257092],[112.724766,-7.257051],[112.719923,-7.256303],[112.718832,-7.256081],[112.71807,-7.255892],[112.716915,-7.255513],[112.716327,-7.255205],[112.716199,-7.255192],[112.715749,-7.255287],[112.715524,-7.255218],[112.715573,-7.254907],[112.715136,-7.254882],[112.715847,-7.252151],[112.715859,-7.250956],[112.715705,-7.25017],[112.716167,-7.248911],[112.71675,-7.247654],[112.717087,-7.247199],[112.717266,-7.246874],[112.717675,-7.247082],[112.720878,-7.247157],[112.72094,-7.245066],[112.720427,-7.237327],[112.720423,-7.236995],[112.720593,-7.236122],[112.724482,-7.237216],[112.726454,-7.23789],[112.726289,-7.238702],[112.726308,-7.239393],[112.726683,-7.240653],[112.727028,-7.24132],[112.727591,-7.242051],[112.728075,-7.242502],[112.728513,-7.242785],[112.729793,-7.24327],[112.732742,-7.24397],[112.734297,-7.244219],[112.737388,-7.244944],[112.738068,-7.245081],[112.738512,-7.245119]]]]}},{"type":"Feature","id":"35.78.08","properties":{"name":"GUBENG","code":"35.78.08","area":7.93,"legalBasis":"Peraturan Walikota Surabaya Nomor 63 Tahun 2022"},"geometry":{"type":"MultiPolygon","coordinates":[[[[112.76454,-7.262859],[112.764725,-7.262841],[112.765323,-7.262899],[112.770438,-7.263501],[112.776398,-7.264105],[112.776287,-7.264691],[112.776483,-7.264586],[112.77662,-7.264655],[112.776652,-7.264764],[112.776567,-7.264877],[112.776594,-7.265108],[112.776854,-7.265328],[112.777186,-7.265468],[112.777228,-7.265311],[112.777443,-7.265343],[112.777455,-7.265295],[112.777652,-7.265337],[112.777804,-7.265419],[112.7778,-7.265454],[112.777892,-7.265471],[112.777884,-7.265529],[112.777991,-7.265559],[112.777892,-7.266014],[112.77811,-7.266061],[112.778077,-7.266241],[112.777927,-7.266344],[112.777826,-7.267047],[112.777573,-7.266979],[112.777667,-7.266532],[112.777455,-7.266479],[112.777432,-7.266631],[112.777101,-7.266569],[112.77687,-7.266355],[112.776825,-7.266359],[112.776844,-7.266541],[112.776764,-7.266542],[112.776735,-7.266624],[112.776154,-7.266552],[112.775874,-7.266472],[112.775755,-7.26697],[112.775173,-7.266877],[112.774993,-7.267458],[112.774987,-7.268082],[112.77444,-7.268103],[112.774375,-7.268438],[112.774216,-7.26843],[112.772966,-7.27438],[112.772147,-7.280477],[112.768564,-7.280158],[112.764347,-7.279652],[112.764699,-7.277437],[112.762343,-7.277204],[112.762287,-7.279176],[112.762199,-7.280052],[112.762131,-7.28292],[112.7623,-7.28377],[112.762577,-7.284632],[112.762635,-7.285008],[112.76329,-7.28765],[112.762598,-7.291589],[112.762091,-7.297516],[112.762078,-7.300093],[112.762182,-7.303959],[112.762049,-7.305745],[112.761911,-7.306203],[112.754308,-7.304114],[112.755844,-7.298471],[112.757104,-7.293655],[112.754615,-7.293601],[112.753283,-7.293381],[112.752144,-7.293129],[112.749702,-7.29224],[112.748265,-7.291666],[112.747911,-7.291509],[112.747256,-7.291106],[112.747623,-7.289863],[112.750351,-7.277294],[112.746156,-7.276369],[112.745445,-7.276699],[112.744054,-7.277256],[112.743714,-7.275977],[112.743696,-7.27501],[112.743818,-7.274453],[112.744576,-7.272853],[112.744859,-7.272388],[112.745523,-7.27173],[112.749755,-7.267908],[112.750087,-7.268216],[112.750761,-7.267997],[112.751241,-7.267947],[112.75161,-7.267841],[112.751851,-7.267706],[112.752276,-7.267673],[112.752513,-7.26787],[112.752938,-7.26848],[112.753246,-7.268708],[112.753629,-7.26889],[112.754125,-7.269017],[112.754428,-7.269045],[112.754705,-7.269016],[112.754956,-7.268872],[112.755044,-7.26878],[112.755125,-7.268605],[112.75517,-7.268277],[112.755145,-7.26738],[112.755262,-7.266869],[112.755465,-7.266622],[112.755638,-7.26653],[112.756037,-7.266215],[112.756332,-7.265914],[112.756393,-7.265745],[112.760864,-7.265885],[112.762727,-7.265874],[112.762695,-7.265609],[112.762943,-7.265091],[112.763341,-7.264669],[112.763806,-7.264264],[112.764081,-7.263877],[112.764182,-7.263577],[112.764244,-7.263601],[112.76428,-7.263478],[112.764449,-7.263454],[112.764431,-7.263375],[112.764557,-7.263328],[112.764386,-7.263065],[112.764238,-7.262914],[112.764006,-7.262799],[112.76454,-7.262859]]]]}},{"type":"Feature","id":"35.78.05","properties":{"name":"TEGALSARI","code":"35.78.05","area":4.33,"legalBasis":"Peraturan Walikota Surabaya Nomor 63 Tahun 2022"},"geometry":{"type":"MultiPolygon","coordinates":[[[[112.741354,-7.268045],[112.741508,-7.269092],[112.738957,-7.268597],[112.738368,-7.270877],[112.739129,-7.271057],[112.739049,-7.271309],[112.739085,-7.271322],[112.739046,-7.271522],[112.739696,-7.271739],[112.739577,-7.272129],[112.739712,-7.272143],[112.739677,-7.272417],[112.740305,-7.27275],[112.740185,-7.273049],[112.740421,-7.273097],[112.74076,-7.273312],[112.740594,-7.273947],[112.74023,-7.273819],[112.739937,-7.274225],[112.73981,-7.274147],[112.739666,-7.274361],[112.739702,-7.274443],[112.739648,-7.274541],[112.73953,-7.274482],[112.73962,-7.274324],[112.73948,-7.274253],[112.739486,-7.274204],[112.739342,-7.27415],[112.73936,-7.274107],[112.739249,-7.274034],[112.738944,-7.273939],[112.738764,-7.273925],[112.738539,-7.273931],[112.738471,-7.273959],[112.738463,-7.274001],[112.73841,-7.273998],[112.738401,-7.27415],[112.73833,-7.274145],[112.738254,-7.274771],[112.737823,-7.276558],[112.741303,-7.277341],[112.74176,-7.274943],[112.742237,-7.273271],[112.743482,-7.274018],[112.743538,-7.273914],[112.74397,-7.274112],[112.743818,-7.274453],[112.743696,-7.27501],[112.743687,-7.275592],[112.743787,-7.276335],[112.744055,-7.277262],[112.744971,-7.279103],[112.74544,-7.279775],[112.745964,-7.280657],[112.746539,-7.281775],[112.747105,-7.283112],[112.74723,-7.283814],[112.747246,-7.284429],[112.747199,-7.284844],[112.746997,-7.285546],[112.746833,-7.285827],[112.746515,-7.286292],[112.746006,-7.286862],[112.745809,-7.287168],[112.745006,-7.288036],[112.744068,-7.288845],[112.743521,-7.289403],[112.742854,-7.290313],[112.742495,-7.290191],[112.741646,-7.290172],[112.741252,-7.289824],[112.740892,-7.289617],[112.740037,-7.289363],[112.739041,-7.28919],[112.738513,-7.289148],[112.737663,-7.289178],[112.736836,-7.289344],[112.735914,-7.289643],[112.733276,-7.284399],[112.73172,-7.281202],[112.728875,-7.27766],[112.72863,-7.277411],[112.726992,-7.275442],[112.726855,-7.275174],[112.726801,-7.27495],[112.726825,-7.274548],[112.72702,-7.274002],[112.728609,-7.27008],[112.729229,-7.268274],[112.730507,-7.265131],[112.732432,-7.260162],[112.733164,-7.258442],[112.738202,-7.260668],[112.740098,-7.26142],[112.740537,-7.262155],[112.740872,-7.262992],[112.741087,-7.263712],[112.741121,-7.264065],[112.740965,-7.265748],[112.741152,-7.267014],[112.741354,-7.268045]]]]}},{"type":"Feature","id":"35.78.11","properties":{"name":"SIMOKERTO","code":"35.78.11","area":2.63,"legalBasis":"Peraturan Walikota Surabaya Nomor 63 Tahun 2022"},"geometry":{"type":"MultiPolygon","coordinates":[[[[112.745395,-7.23028],[112.745526,-7.230073],[112.746367,-7.230408],[112.746968,-7.231659],[112.746871,-7.232078],[112.747392,-7.232245],[112.747965,-7.232345],[112.748963,-7.232398],[112.750261,-7.232598],[112.751512,-7.233033],[112.751938,-7.233139],[112.752158,-7.233119],[112.752449,-7.23295],[112.752675,-7.23333],[112.752809,-7.233463],[112.75416,-7.23416],[112.754512,-7.234246],[112.754646,-7.23485],[112.754783,-7.23588],[112.757514,-7.235576],[112.757764,-7.235665],[112.757896,-7.235585],[112.758312,-7.23569],[112.758407,-7.235321],[112.758454,-7.235329],[112.758463,-7.235291],[112.758857,-7.235273],[112.759112,-7.23519],[112.760342,-7.235147],[112.760694,-7.235061],[112.7607,-7.234985],[112.761002,-7.23498],[112.761007,-7.234934],[112.761484,-7.234929],[112.761868,-7.234808],[112.762159,-7.234671],[112.76217,-7.234607],[112.762395,-7.23463],[112.762404,-7.234567],[112.762547,-7.234598],[112.764137,-7.235526],[112.763656,-7.236463],[112.761998,-7.239351],[112.761785,-7.239823],[112.760416,-7.24426],[112.759625,-7.247169],[112.759199,-7.248968],[112.758069,-7.248706],[112.757653,-7.248655],[112.755587,-7.249315],[112.754628,-7.24919],[112.753258,-7.249143],[112.753308,-7.248395],[112.753304,-7.247724],[112.753253,-7.247282],[112.753103,-7.246744],[112.752755,-7.245982],[112.752165,-7.24509],[112.7519,-7.244776],[112.751516,-7.244439],[112.751232,-7.244271],[112.750846,-7.244093],[112.749865,-7.243749],[112.749303,-7.243636],[112.747332,-7.243509],[112.747349,-7.243347],[112.747262,-7.243062],[112.745866,-7.241727],[112.745123,-7.239812],[112.744972,-7.238713],[112.744905,-7.238502],[112.744218,-7.237177],[112.743322,-7.236061],[112.743235,-7.235781],[112.743197,-7.235142],[112.742865,-7.234178],[112.742859,-7.234052],[112.742872,-7.233824],[112.742942,-7.233631],[112.743238,-7.233106],[112.745395,-7.23028]]]]}},{"type":"Feature","id":"35.78.23","properties":{"name":"JAMBANGAN","code":"35.78.23","area":4.12,"legalBasis":"Peraturan Walikota Surabaya Nomor 63 Tahun 2022"},"geometry":{"type":"MultiPolygon","coordinates":[[[[112.717124,-7.308016],[112.717712,-7.308103],[112.718329,-7.308101],[112.720766,-7.307993],[112.720808,-7.308933],[112.720963,-7.308924],[112.720945,-7.309323],[112.720836,-7.309317],[112.720787,-7.31023],[112.721182,-7.310219],[112.720799,-7.313015],[112.720386,-7.315498],[112.722418,-7.316426],[112.726442,-7.317904],[112.718046,-7.328489],[112.719358,-7.328651],[112.718915,-7.330766],[112.719154,-7.330836],[112.718857,-7.333554],[112.71873,-7.333535],[112.718376,-7.335572],[112.716801,-7.335281],[112.716559,-7.337017],[112.716684,-7.337035],[112.716505,-7.338325],[112.717822,-7.338611],[112.717383,-7.34034],[112.714801,-7.339603],[112.713112,-7.339055],[112.711656,-7.338658],[112.710939,-7.338415],[112.710859,-7.338357],[112.710446,-7.338331],[112.710145,-7.338141],[112.708639,-7.337778],[112.707889,-7.337528],[112.707222,-7.337382],[112.704277,-7.33651],[112.70543,-7.335106],[112.707843,-7.331513],[112.708713,-7.330742],[112.709655,-7.329819],[112.710243,-7.329143],[112.710431,-7.32868],[112.710468,-7.327836],[112.710347,-7.32712],[112.710084,-7.324047],[112.710058,-7.32341],[112.710114,-7.322609],[112.710397,-7.321198],[112.711182,-7.318767],[112.711277,-7.316703],[112.711369,-7.311727],[112.711429,-7.310958],[112.711535,-7.310383],[112.71184,-7.309528],[112.712205,-7.308992],[112.713007,-7.308268],[112.71356,-7.307849],[112.714308,-7.307596],[112.717124,-7.308016]]]]}},{"type":"Feature","id":"35.78.22","properties":{"name":"GAYUNGAN","code":"35.78.22","area":5.91,"legalBasis":"Peraturan Walikota Surabaya Nomor 63 Tahun 2022"},"geometry":{"type":"MultiPolygon","coordinates":[[[[112.727047,-7.308855],[112.727749,-7.30925],[112.728321,-7.309507],[112.729902,-7.310093],[112.730438,-7.309728],[112.730968,-7.309684],[112.732494,-7.309975],[112.732876,-7.31017],[112.735174,-7.310567],[112.731622,-7.327497],[112.729446,-7.336722],[112.729349,-7.33731],[112.729317,-7.339593],[112.731575,-7.339637],[112.733354,-7.339824],[112.733319,-7.340805],[112.733357,-7.340808],[112.733426,-7.341055],[112.736033,-7.342263],[112.736735,-7.342729],[112.736751,-7.343157],[112.736424,-7.343983],[112.736459,-7.34436],[112.736567,-7.344572],[112.73677,-7.344797],[112.736528,-7.344978],[112.736446,-7.345167],[112.736312,-7.346228],[112.73527,-7.346289],[112.733426,-7.346591],[112.733196,-7.347997],[112.733154,-7.348127],[112.733074,-7.34814],[112.731259,-7.348153],[112.729344,-7.348234],[112.727452,-7.348456],[112.725803,-7.348336],[112.725225,-7.347904],[112.724536,-7.34731],[112.724514,-7.347004],[112.724305,-7.346537],[112.724263,-7.345861],[112.722485,-7.345177],[112.719755,-7.34441],[112.720035,-7.343233],[112.719977,-7.343111],[112.719567,-7.342956],[112.715674,-7.341887],[112.716028,-7.33993],[112.717383,-7.34034],[112.717822,-7.338611],[112.716505,-7.338325],[112.716684,-7.337035],[112.716559,-7.337017],[112.716801,-7.335281],[112.718376,-7.335572],[112.71873,-7.333535],[112.718857,-7.333554],[112.719154,-7.330836],[112.718915,-7.330766],[112.719358,-7.328651],[112.718046,-7.328489],[112.726442,-7.317904],[112.722418,-7.316426],[112.720386,-7.315498],[112.720799,-7.313015],[112.721182,-7.310219],[112.720787,-7.31023],[112.720836,-7.309317],[112.720945,-7.309323],[112.720963,-7.308924],[112.720808,-7.308933],[112.720766,-7.307993],[112.722537,-7.307888],[112.723786,-7.307377],[112.723971,-7.307594],[112.725435,-7.308121],[112.726014,-7.308281],[112.727047,-7.308855]]]]}},{"type":"Feature","id":"35.78.03","properties":{"name":"RUNGKUT","code":"35.78.03","area":22.94,"legalBasis":"Peraturan Walikota Surabaya Nomor 63 Tahun 2022"},"geometry":{"type":"MultiPolygon","coordinates":[[[[112.823528,-7.307096],[112.824312,-7.307107],[112.824987,-7.307054],[112.826052,-7.307222],[112.829894,-7.308104],[112.83498,-7.309159],[112.836887,-7.309711],[112.838132,-7.310173],[112.83847,-7.310265],[112.83929,-7.310333],[112.839706,-7.310224],[112.84022,-7.309775],[112.840662,-7.309113],[112.841689,-7.307157],[112.842878,-7.305961],[112.84391,-7.305173],[112.844127,-7.305446],[112.84433,-7.305395],[112.844363,-7.305294],[112.844485,-7.305246],[112.844649,-7.305271],[112.844709,-7.305367],[112.844725,-7.305243],[112.844861,-7.305266],[112.844857,-7.30532],[112.844788,-7.305376],[112.844821,-7.305564],[112.844693,-7.305684],[112.844647,-7.305816],[112.844701,-7.305903],[112.844799,-7.305919],[112.844875,-7.305989],[112.844911,-7.306132],[112.844683,-7.306153],[112.84476,-7.306331],[112.84462,-7.306476],[112.844627,-7.306716],[112.844928,-7.306951],[112.844945,-7.307057],[112.844927,-7.307092],[112.844813,-7.307105],[112.84474,-7.307031],[112.84468,-7.307037],[112.844502,-7.307336],[112.844432,-7.30756],[112.844436,-7.307671],[112.844583,-7.307892],[112.845179,-7.308018],[112.845213,-7.308075],[112.84515,-7.308176],[112.844897,-7.308173],[112.844652,-7.308106],[112.84453,-7.308246],[112.844407,-7.309295],[112.844482,-7.30936],[112.844757,-7.30944],[112.844811,-7.309526],[112.844776,-7.309595],[112.844464,-7.309684],[112.844216,-7.30982],[112.844229,-7.310171],[112.844265,-7.310225],[112.844371,-7.310233],[112.844543,-7.310456],[112.844553,-7.310548],[112.844374,-7.310581],[112.844145,-7.310555],[112.844154,-7.310615],[112.844359,-7.310768],[112.844224,-7.310954],[112.844138,-7.310914],[112.844097,-7.31094],[112.844167,-7.31103],[112.844232,-7.311023],[112.8443,-7.311073],[112.844332,-7.311187],[112.8441,-7.311347],[112.844078,-7.311406],[112.844035,-7.311406],[112.844035,-7.311499],[112.844078,-7.311675],[112.844336,-7.31174],[112.844387,-7.311801],[112.844281,-7.311894],[112.843904,-7.311919],[112.843906,-7.312032],[112.843979,-7.312098],[112.84398,-7.312313],[112.844028,-7.312434],[112.844078,-7.312407],[112.844206,-7.312456],[112.844283,-7.312592],[112.84422,-7.312683],[112.843991,-7.312674],[112.843903,-7.312689],[112.843877,-7.31273],[112.843938,-7.312779],[112.844046,-7.312777],[112.844071,-7.31284],[112.844114,-7.312745],[112.84422,-7.312795],[112.84418,-7.312957],[112.844195,-7.313051],[112.844253,-7.313115],[112.844234,-7.313156],[112.844172,-7.313129],[112.844107,-7.313159],[112.843966,-7.313117],[112.844023,-7.313266],[112.843931,-7.313325],[112.843895,-7.3134],[112.843777,-7.313419],[112.843768,-7.313488],[112.843683,-7.31354],[112.843731,-7.313604],[112.843689,-7.313728],[112.843161,-7.31393],[112.843142,-7.31411],[112.843246,-7.314197],[112.843262,-7.314371],[112.843219,-7.314438],[112.843263,-7.314527],[112.843209,-7.31456],[112.843196,-7.314645],[112.843103,-7.314627],[112.843069,-7.314693],[112.842997,-7.314725],[112.842997,-7.314825],[112.843066,-7.314844],[112.843106,-7.315038],[112.843044,-7.315089],[112.843037,-7.31532],[112.84298,-7.315338],[112.842923,-7.315285],[112.842862,-7.315494],[112.842882,-7.315601],[112.842941,-7.315557],[112.842997,-7.31557],[112.842975,-7.315693],[112.843133,-7.315818],[112.843121,-7.315867],[112.843021,-7.315961],[112.842925,-7.315924],[112.842798,-7.315983],[112.842761,-7.316115],[112.84284,-7.316135],[112.842833,-7.316362],[112.842765,-7.316417],[112.842625,-7.31644],[112.84255,-7.316547],[112.842562,-7.316583],[112.842669,-7.316583],[112.842618,-7.316698],[112.842532,-7.316713],[112.842416,-7.316609],[112.842298,-7.316601],[112.842322,-7.316787],[112.842218,-7.316864],[112.842246,-7.316901],[112.842352,-7.316897],[112.842323,-7.316983],[112.84237,-7.317058],[112.842341,-7.317088],[112.842241,-7.317077],[112.842274,-7.317191],[112.842083,-7.317129],[112.841984,-7.317202],[112.841959,-7.317292],[112.842037,-7.31731],[112.842059,-7.317392],[112.841918,-7.317371],[112.841948,-7.317477],[112.841789,-7.317445],[112.841786,-7.317494],[112.841635,-7.317654],[112.841478,-7.317678],[112.841445,-7.317771],[112.841275,-7.317806],[112.84125,-7.317951],[112.841138,-7.317964],[112.841253,-7.318043],[112.841234,-7.318102],[112.841043,-7.318101],[112.841076,-7.318027],[112.841023,-7.317985],[112.840929,-7.318067],[112.840933,-7.318146],[112.840861,-7.318145],[112.840849,-7.318233],[112.840778,-7.318256],[112.840819,-7.318288],[112.840801,-7.318344],[112.840859,-7.318349],[112.840876,-7.31826],[112.840937,-7.31824],[112.840908,-7.318336],[112.840946,-7.318385],[112.840939,-7.318526],[112.841089,-7.318521],[112.841187,-7.31866],[112.84124,-7.318634],[112.84138,-7.318711],[112.841438,-7.318898],[112.841412,-7.318966],[112.841238,-7.319037],[112.841063,-7.319036],[112.840573,-7.318674],[112.840419,-7.318722],[112.84046,-7.318866],[112.84036,-7.318967],[112.840047,-7.318878],[112.840117,-7.319028],[112.840242,-7.319143],[112.840237,-7.319189],[112.840003,-7.319282],[112.839881,-7.319419],[112.839969,-7.319557],[112.839786,-7.319784],[112.839861,-7.319832],[112.839856,-7.319881],[112.839557,-7.320105],[112.8396,-7.320319],[112.839677,-7.320352],[112.839663,-7.320432],[112.839607,-7.320465],[112.839439,-7.320443],[112.839589,-7.320521],[112.839768,-7.320713],[112.839773,-7.32088],[112.839636,-7.320925],[112.839548,-7.320887],[112.839484,-7.320945],[112.839524,-7.32098],[112.839502,-7.32102],[112.839422,-7.320918],[112.839363,-7.320987],[112.839289,-7.320956],[112.839272,-7.320993],[112.839309,-7.321017],[112.839261,-7.321053],[112.839297,-7.321082],[112.839294,-7.321199],[112.839216,-7.32118],[112.839204,-7.321272],[112.839155,-7.321274],[112.839105,-7.321374],[112.839112,-7.321436],[112.839015,-7.321502],[112.83887,-7.321418],[112.838816,-7.321546],[112.838647,-7.321561],[112.838521,-7.321404],[112.838439,-7.321433],[112.838372,-7.321375],[112.838297,-7.321603],[112.838208,-7.321657],[112.838059,-7.321707],[112.837869,-7.321639],[112.837471,-7.322043],[112.837606,-7.322244],[112.837641,-7.322463],[112.837694,-7.322491],[112.837649,-7.322607],[112.837548,-7.322727],[112.837441,-7.322735],[112.837399,-7.322693],[112.837281,-7.322737],[112.837325,-7.322789],[112.837321,-7.322946],[112.837159,-7.323231],[112.836988,-7.323415],[112.836909,-7.323424],[112.83681,-7.323342],[112.836725,-7.323405],[112.836592,-7.323415],[112.836506,-7.323328],[112.836283,-7.3234],[112.836209,-7.323361],[112.836195,-7.323311],[112.836114,-7.323339],[112.836015,-7.323152],[112.835936,-7.323259],[112.835825,-7.323287],[112.835678,-7.3232],[112.835679,-7.323282],[112.835772,-7.323303],[112.835728,-7.323439],[112.835759,-7.323575],[112.835623,-7.323569],[112.835575,-7.323614],[112.835535,-7.323571],[112.835405,-7.32356],[112.835439,-7.323627],[112.835529,-7.323645],[112.835478,-7.323739],[112.83551,-7.323864],[112.835374,-7.324059],[112.835251,-7.324121],[112.835236,-7.324208],[112.834883,-7.3245],[112.834881,-7.32456],[112.834984,-7.32474],[112.834841,-7.324963],[112.834832,-7.325041],[112.834787,-7.32505],[112.834634,-7.324926],[112.834719,-7.325013],[112.83472,-7.325067],[112.834583,-7.325158],[112.834519,-7.325098],[112.834479,-7.325112],[112.83449,-7.325189],[112.834579,-7.325215],[112.834613,-7.3253],[112.834674,-7.325248],[112.834722,-7.325292],[112.834664,-7.325335],[112.834629,-7.325442],[112.834532,-7.325502],[112.834561,-7.325592],[112.834437,-7.325694],[112.834409,-7.325923],[112.834324,-7.325987],[112.834176,-7.326341],[112.834072,-7.326385],[112.83406,-7.326536],[112.833936,-7.326543],[112.834003,-7.326674],[112.833943,-7.326752],[112.83399,-7.326845],[112.833867,-7.326925],[112.833841,-7.327121],[112.833697,-7.327254],[112.833727,-7.327335],[112.83366,-7.327358],[112.833654,-7.327418],[112.833575,-7.327398],[112.833592,-7.327498],[112.833502,-7.327546],[112.833431,-7.32783],[112.833492,-7.327904],[112.833404,-7.32802],[112.833461,-7.32811],[112.833323,-7.328119],[112.83333,-7.328242],[112.833261,-7.328269],[112.833226,-7.32836],[112.832981,-7.328468],[112.833139,-7.32863],[112.833205,-7.328873],[112.833126,-7.32905],[112.833125,-7.32915],[112.833016,-7.329354],[112.833014,-7.329487],[112.832931,-7.329753],[112.832958,-7.329798],[112.832913,-7.329845],[112.832857,-7.330157],[112.832763,-7.330361],[112.832659,-7.330396],[112.832693,-7.330468],[112.832637,-7.330518],[112.83271,-7.33061],[112.832724,-7.33076],[112.832616,-7.330971],[112.83261,-7.331116],[112.832345,-7.331652],[112.833352,-7.332347],[112.833055,-7.332791],[112.832797,-7.333038],[112.83249,-7.333551],[112.832029,-7.333915],[112.831844,-7.334419],[112.831278,-7.33484],[112.831025,-7.335358],[112.829695,-7.334493],[112.828783,-7.333786],[112.827579,-7.333056],[112.826639,-7.332374],[112.826343,-7.331837],[112.826203,-7.331494],[112.826085,-7.330901],[112.826005,-7.33078],[112.825881,-7.330737],[112.825755,-7.330745],[112.825147,-7.330871],[112.824522,-7.330929],[112.823874,-7.330938],[112.823445,-7.330865],[112.822243,-7.330445],[112.821904,-7.330405],[112.820998,-7.330392],[112.819824,-7.330494],[112.818546,-7.330717],[112.81738,-7.330599],[112.816256,-7.330646],[112.814306,-7.330646],[112.811624,-7.330971],[112.810613,-7.331034],[112.809437,-7.331032],[112.808555,-7.331129],[112.806481,-7.331433],[112.806216,-7.331528],[112.805454,-7.331682],[112.805132,-7.331822],[112.804392,-7.33205],[112.803357,-7.332229],[112.797289,-7.333118],[112.794959,-7.333397],[112.792129,-7.333113],[112.791732,-7.333043],[112.78994,-7.332646],[112.787282,-7.331923],[112.78341,-7.331814],[112.78089,-7.331659],[112.779429,-7.331634],[112.775357,-7.331469],[112.772712,-7.331314],[112.771352,-7.331283],[112.770551,-7.331197],[112.770061,-7.3313],[112.768399,-7.331261],[112.768238,-7.331408],[112.767923,-7.331827],[112.76748,-7.33187],[112.767164,-7.331986],[112.766903,-7.332023],[112.766323,-7.331886],[112.764989,-7.331307],[112.764468,-7.331198],[112.763866,-7.330981],[112.76332,-7.330952],[112.763088,-7.330767],[112.757671,-7.330334],[112.760885,-7.323712],[112.764778,-7.315831],[112.764248,-7.315595],[112.763969,-7.316163],[112.763607,-7.315994],[112.763318,-7.31591],[112.763067,-7.315956],[112.762936,-7.315731],[112.762813,-7.315625],[112.762445,-7.315535],[112.762216,-7.315388],[112.762001,-7.315171],[112.761842,-7.314907],[112.761809,-7.314795],[112.761837,-7.31471],[112.761878,-7.314685],[112.762052,-7.314741],[112.762141,-7.31473],[112.762373,-7.314435],[112.762542,-7.314389],[112.763012,-7.314631],[112.763326,-7.31492],[112.763816,-7.31505],[112.764215,-7.314978],[112.764508,-7.314353],[112.764489,-7.314297],[112.763926,-7.313929],[112.764003,-7.313441],[112.764555,-7.313675],[112.765513,-7.314472],[112.765756,-7.314783],[112.766128,-7.31453],[112.766575,-7.314479],[112.767084,-7.314315],[112.767382,-7.314112],[112.767603,-7.313831],[112.767723,-7.313837],[112.767943,-7.314022],[112.76823,-7.314077],[112.768799,-7.313826],[112.768879,-7.313777],[112.768945,-7.313616],[112.768968,-7.313274],[112.768928,-7.313073],[112.768751,-7.312652],[112.768458,-7.312316],[112.768356,-7.312001],[112.768388,-7.31171],[112.768512,-7.311434],[112.768631,-7.310599],[112.768698,-7.310531],[112.769239,-7.310385],[112.769477,-7.310258],[112.770244,-7.31033],[112.770648,-7.310407],[112.770837,-7.310484],[112.771458,-7.311119],[112.771623,-7.311205],[112.771751,-7.311166],[112.772355,-7.309818],[112.772647,-7.309032],[112.77846,-7.310577],[112.779963,-7.310794],[112.781027,-7.310668],[112.781853,-7.310456],[112.78364,-7.309753],[112.790503,-7.307723],[112.790963,-7.307628],[112.791638,-7.307575],[112.792803,-7.307642],[112.793544,-7.307747],[112.794759,-7.307836],[112.796951,-7.307956],[112.799395,-7.307932],[112.800789,-7.307797],[112.801859,-7.307606],[112.802606,-7.307517],[112.803232,-7.307536],[112.803613,-7.307607],[112.804491,-7.307926],[112.805478,-7.308424],[112.806227,-7.30873],[112.806817,-7.308828],[112.807283,-7.30874],[112.80775,-7.308545],[112.808187,-7.30822],[112.808448,-7.307743],[112.808507,-7.307307],[112.808361,-7.306691],[112.806947,-7.305455],[112.80634,-7.304739],[112.806101,-7.304238],[112.805955,-7.303715],[112.805873,-7.303026],[112.806036,-7.302308],[112.806385,-7.301574],[112.807007,-7.300775],[112.807565,-7.300184],[112.807923,-7.299709],[112.808389,-7.299377],[112.808984,-7.299095],[112.809551,-7.298842],[112.810082,-7.298739],[112.8106,-7.298723],[112.811111,-7.298843],[112.811615,-7.299049],[112.81209,-7.299284],[112.81302,-7.29999],[112.813885,-7.300518],[112.815741,-7.301077],[112.816267,-7.301312],[112.817023,-7.301754],[112.818625,-7.303104],[112.819086,-7.303569],[112.820388,-7.305472],[112.821326,-7.306473],[112.82173,-7.306773],[112.822141,-7.306965],[112.823528,-7.307096]]]]}},{"type":"Feature","id":"35.78.09","properties":{"name":"SUKOLILO","code":"35.78.09","area":30.18,"legalBasis":"Peraturan Walikota Surabaya Nomor 121 Tahun 2022"},"geometry":{"type":"MultiPolygon","coordinates":[[[[112.836671,-7.267467],[112.836747,-7.267458],[112.836754,-7.267517],[112.837466,-7.267536],[112.837839,-7.267457],[112.837972,-7.267568],[112.838062,-7.267683],[112.838115,-7.267843],[112.838125,-7.268029],[112.838074,-7.268286],[112.838166,-7.268597],[112.837985,-7.268837],[112.838606,-7.268817],[112.838615,-7.268883],[112.838544,-7.268921],[112.838534,-7.26899],[112.838693,-7.269254],[112.838698,-7.269446],[112.83883,-7.269447],[112.838907,-7.269496],[112.839136,-7.269894],[112.839477,-7.270199],[112.839579,-7.270416],[112.839599,-7.270591],[112.839565,-7.270698],[112.839724,-7.270778],[112.839755,-7.270953],[112.839836,-7.271103],[112.839889,-7.271134],[112.83996,-7.271087],[112.840045,-7.271154],[112.84011,-7.271307],[112.84007,-7.271353],[112.840104,-7.271439],[112.840508,-7.271943],[112.84056,-7.272072],[112.840544,-7.272134],[112.840366,-7.272243],[112.84026,-7.272394],[112.840283,-7.272563],[112.840213,-7.272672],[112.840174,-7.27287],[112.8402,-7.272958],[112.84038,-7.272956],[112.840374,-7.273008],[112.840309,-7.273031],[112.840317,-7.273093],[112.840458,-7.273175],[112.840496,-7.273246],[112.840465,-7.273295],[112.840379,-7.273307],[112.840379,-7.273375],[112.840266,-7.273404],[112.840283,-7.273495],[112.840219,-7.273501],[112.840258,-7.273571],[112.840137,-7.273745],[112.840046,-7.273703],[112.839951,-7.273724],[112.83978,-7.273587],[112.839745,-7.273654],[112.839674,-7.273647],[112.839571,-7.273521],[112.839441,-7.273497],[112.839347,-7.27352],[112.83927,-7.273596],[112.839147,-7.273603],[112.839069,-7.273741],[112.839127,-7.273827],[112.838987,-7.274009],[112.838789,-7.273927],[112.838753,-7.27384],[112.838643,-7.273762],[112.838524,-7.273748],[112.838494,-7.273805],[112.838603,-7.27381],[112.838717,-7.273888],[112.838792,-7.274066],[112.839088,-7.274154],[112.839084,-7.274248],[112.839167,-7.274278],[112.839151,-7.274365],[112.839269,-7.27439],[112.839229,-7.274523],[112.839257,-7.274573],[112.83936,-7.274484],[112.839562,-7.274452],[112.839704,-7.27436],[112.839818,-7.274355],[112.839845,-7.274308],[112.840003,-7.274362],[112.840077,-7.274468],[112.840239,-7.274462],[112.840374,-7.274594],[112.840383,-7.274667],[112.84046,-7.274667],[112.840506,-7.274735],[112.840573,-7.274681],[112.840638,-7.274724],[112.840668,-7.274649],[112.840776,-7.274647],[112.840855,-7.274575],[112.841078,-7.274572],[112.841193,-7.27473],[112.841239,-7.274719],[112.841254,-7.274766],[112.841396,-7.274831],[112.841435,-7.275118],[112.841383,-7.275228],[112.841465,-7.275375],[112.84162,-7.275375],[112.841634,-7.275301],[112.841708,-7.275269],[112.841789,-7.275302],[112.841775,-7.275596],[112.841845,-7.275653],[112.841952,-7.275647],[112.842042,-7.275748],[112.842092,-7.275902],[112.842063,-7.275981],[112.842135,-7.276065],[112.842092,-7.276131],[112.842166,-7.276199],[112.842293,-7.276225],[112.842248,-7.276301],[112.84231,-7.276414],[112.842469,-7.276492],[112.842578,-7.276497],[112.842671,-7.276567],[112.842764,-7.277003],[112.842864,-7.27719],[112.842994,-7.27727],[112.842929,-7.277378],[112.842806,-7.277469],[112.842802,-7.277597],[112.843097,-7.277681],[112.84309,-7.27774],[112.842974,-7.277874],[112.843028,-7.277935],[112.843312,-7.277911],[112.843407,-7.277973],[112.843309,-7.278137],[112.84347,-7.278574],[112.843465,-7.278705],[112.843396,-7.278872],[112.843246,-7.278962],[112.843091,-7.278952],[112.843072,-7.279063],[112.843108,-7.279121],[112.843083,-7.279188],[112.843309,-7.279289],[112.843454,-7.279507],[112.843439,-7.279566],[112.843234,-7.279599],[112.843209,-7.279714],[112.843418,-7.279774],[112.843487,-7.279921],[112.843563,-7.279982],[112.843432,-7.280065],[112.843267,-7.280053],[112.843373,-7.280196],[112.843502,-7.280259],[112.843769,-7.280705],[112.843918,-7.28072],[112.8441,-7.280581],[112.844247,-7.280551],[112.844282,-7.280597],[112.844256,-7.280756],[112.844302,-7.280882],[112.844625,-7.281174],[112.844654,-7.28162],[112.844947,-7.282239],[112.845094,-7.28231],[112.845149,-7.282388],[112.845132,-7.2825],[112.845181,-7.282626],[112.845269,-7.282706],[112.845225,-7.283098],[112.845162,-7.283251],[112.845225,-7.283486],[112.845323,-7.283525],[112.845482,-7.283809],[112.845452,-7.283872],[112.845525,-7.28406],[112.845472,-7.284241],[112.845551,-7.284325],[112.845574,-7.284451],[112.845728,-7.284481],[112.84576,-7.284576],[112.845695,-7.284622],[112.845901,-7.284723],[112.845964,-7.284975],[112.845902,-7.285003],[112.845907,-7.285086],[112.846023,-7.285239],[112.84603,-7.285405],[112.846123,-7.285483],[112.846106,-7.285634],[112.846142,-7.285719],[112.845941,-7.285691],[112.845918,-7.285747],[112.846121,-7.285768],[112.846146,-7.286049],[112.846247,-7.286038],[112.846373,-7.286239],[112.846362,-7.286268],[112.846259,-7.286254],[112.846313,-7.28639],[112.846196,-7.28656],[112.846625,-7.286552],[112.846512,-7.28667],[112.8465,-7.286844],[112.846528,-7.287069],[112.846601,-7.287191],[112.846527,-7.287457],[112.846595,-7.287562],[112.846594,-7.287679],[112.846331,-7.287822],[112.846346,-7.288026],[112.846312,-7.288095],[112.846346,-7.288142],[112.846267,-7.288251],[112.846301,-7.288347],[112.846552,-7.288335],[112.84657,-7.288401],[112.846525,-7.288467],[112.846362,-7.288493],[112.846255,-7.288602],[112.846284,-7.289039],[112.846228,-7.289386],[112.846267,-7.289441],[112.846145,-7.289718],[112.846129,-7.289848],[112.84618,-7.289859],[112.846182,-7.289919],[112.846096,-7.290017],[112.84609,-7.290258],[112.846152,-7.290416],[112.845957,-7.29176],[112.845981,-7.292013],[112.845863,-7.292175],[112.845795,-7.292636],[112.84581,-7.29277],[112.845882,-7.292793],[112.845979,-7.29295],[112.846161,-7.29337],[112.846169,-7.293469],[112.846076,-7.293731],[112.846075,-7.29393],[112.846206,-7.294129],[112.846201,-7.294297],[112.846282,-7.294457],[112.846153,-7.294674],[112.846182,-7.295012],[112.846318,-7.295082],[112.846259,-7.295436],[112.846096,-7.295484],[112.845932,-7.295842],[112.845759,-7.296804],[112.845707,-7.297322],[112.845609,-7.297675],[112.845693,-7.297851],[112.845887,-7.297892],[112.846067,-7.298003],[112.846119,-7.298152],[112.846045,-7.298257],[112.845713,-7.298184],[112.845814,-7.298377],[112.845813,-7.298593],[112.845647,-7.29852],[112.845412,-7.29857],[112.845525,-7.298693],[112.845297,-7.298834],[112.845213,-7.299159],[112.845248,-7.299248],[112.845585,-7.299183],[112.845913,-7.29925],[112.846042,-7.29934],[112.846093,-7.299468],[112.846114,-7.299717],[112.846316,-7.299859],[112.846317,-7.299933],[112.846208,-7.299978],[112.846173,-7.300107],[112.846178,-7.300248],[112.846292,-7.30039],[112.846121,-7.300457],[112.846103,-7.300501],[112.846142,-7.300562],[112.846077,-7.300595],[112.846048,-7.301213],[112.84591,-7.301301],[112.84582,-7.301301],[112.845827,-7.301455],[112.845537,-7.301557],[112.845443,-7.301671],[112.845508,-7.302123],[112.845484,-7.302295],[112.845417,-7.302498],[112.845123,-7.303048],[112.844592,-7.303711],[112.844388,-7.303678],[112.844335,-7.30348],[112.844264,-7.303495],[112.844273,-7.303911],[112.844234,-7.304032],[112.843916,-7.30436],[112.843921,-7.304419],[112.844051,-7.304484],[112.844038,-7.304639],[112.843944,-7.304827],[112.843772,-7.304999],[112.84391,-7.305173],[112.842878,-7.305961],[112.841689,-7.307157],[112.840662,-7.309113],[112.84022,-7.309775],[112.839706,-7.310224],[112.83929,-7.310333],[112.83847,-7.310265],[112.836887,-7.309711],[112.83498,-7.309159],[112.829894,-7.308104],[112.826052,-7.307222],[112.824987,-7.307054],[112.824312,-7.307107],[112.823528,-7.307096],[112.822141,-7.306965],[112.82173,-7.306773],[112.821326,-7.306473],[112.820388,-7.305472],[112.819086,-7.303569],[112.818625,-7.303104],[112.817023,-7.301754],[112.816267,-7.301312],[112.815741,-7.301077],[112.813885,-7.300518],[112.81302,-7.29999],[112.81209,-7.299284],[112.811111,-7.298843],[112.8106,-7.298723],[112.810082,-7.298739],[112.809551,-7.298842],[112.808389,-7.299377],[112.807923,-7.299709],[112.807565,-7.300184],[112.807007,-7.300775],[112.806385,-7.301574],[112.806036,-7.302308],[112.805873,-7.303026],[112.805955,-7.303715],[112.806101,-7.304238],[112.80634,-7.304739],[112.806947,-7.305455],[112.808361,-7.306691],[112.808507,-7.307307],[112.808448,-7.307743],[112.808187,-7.30822],[112.80775,-7.308545],[112.807283,-7.30874],[112.806817,-7.308828],[112.806227,-7.30873],[112.805478,-7.308424],[112.804491,-7.307926],[112.803613,-7.307607],[112.803232,-7.307536],[112.802606,-7.307517],[112.801859,-7.307606],[112.800789,-7.307797],[112.799395,-7.307932],[112.796951,-7.307956],[112.794759,-7.307836],[112.793544,-7.307747],[112.792803,-7.307642],[112.791638,-7.307575],[112.790963,-7.307628],[112.790503,-7.307723],[112.78364,-7.309753],[112.781853,-7.310456],[112.781027,-7.310668],[112.779963,-7.310794],[112.77846,-7.310577],[112.761911,-7.306203],[112.762049,-7.305745],[112.762182,-7.303959],[112.762078,-7.300093],[112.762077,-7.297728],[112.762598,-7.291589],[112.762803,-7.290375],[112.763121,-7.290401],[112.763266,-7.290166],[112.763554,-7.28985],[112.763583,-7.289306],[112.763753,-7.289047],[112.763794,-7.288714],[112.763881,-7.28852],[112.764176,-7.288594],[112.764284,-7.288264],[112.764371,-7.2883],[112.764392,-7.288249],[112.764274,-7.288201],[112.764539,-7.287014],[112.764943,-7.287103],[112.765144,-7.285371],[112.76542,-7.285411],[112.76548,-7.284922],[112.766643,-7.285094],[112.767711,-7.285101],[112.769422,-7.285277],[112.76948,-7.284792],[112.769526,-7.284795],[112.769788,-7.283339],[112.770208,-7.281994],[112.770429,-7.281988],[112.770561,-7.281213],[112.770602,-7.281183],[112.772417,-7.281488],[112.773231,-7.281709],[112.774194,-7.281904],[112.776361,-7.282214],[112.776493,-7.28224],[112.776587,-7.282309],[112.778032,-7.282343],[112.781467,-7.281998],[112.781465,-7.282613],[112.78183,-7.282612],[112.781796,-7.284618],[112.784023,-7.284427],[112.784032,-7.284246],[112.78518,-7.284245],[112.785263,-7.284152],[112.785763,-7.282035],[112.785854,-7.281892],[112.785955,-7.281835],[112.786136,-7.280518],[112.786052,-7.279888],[112.784328,-7.280137],[112.783888,-7.27697],[112.786186,-7.276508],[112.786247,-7.276855],[112.788472,-7.276498],[112.789668,-7.276233],[112.789829,-7.276299],[112.79158,-7.275859],[112.79407,-7.275348],[112.796765,-7.274733],[112.797333,-7.274589],[112.797636,-7.274464],[112.797927,-7.274434],[112.797996,-7.274522],[112.798397,-7.27439],[112.7994,-7.274347],[112.800536,-7.278696],[112.800935,-7.279934],[112.801218,-7.27993],[112.801368,-7.280611],[112.801304,-7.282605],[112.801203,-7.282891],[112.800946,-7.283228],[112.801022,-7.283508],[112.800668,-7.284359],[112.800995,-7.284469],[112.801671,-7.284577],[112.802035,-7.284706],[112.802005,-7.284849],[112.802065,-7.284877],[112.802041,-7.284982],[112.802158,-7.284996],[112.802221,-7.284917],[112.803629,-7.28518],[112.803723,-7.285169],[112.805164,-7.28464],[112.806313,-7.284379],[112.806538,-7.284219],[112.807709,-7.283162],[112.808115,-7.282899],[112.809143,-7.282259],[112.810533,-7.2817],[112.810898,-7.281513],[112.811271,-7.281308],[112.811803,-7.280932],[112.811993,-7.280698],[112.812276,-7.280168],[112.812825,-7.278844],[112.813053,-7.278427],[112.813679,-7.277671],[112.81441,-7.277013],[112.816165,-7.274504],[112.816733,-7.273444],[112.818557,-7.272134],[112.819006,-7.271976],[112.819794,-7.271795],[112.821752,-7.271381],[112.82259,-7.271241],[112.822986,-7.270995],[112.825587,-7.270033],[112.827799,-7.269613],[112.8291,-7.269244],[112.830158,-7.269015],[112.830699,-7.268864],[112.831447,-7.268478],[112.831847,-7.268338],[112.835275,-7.267604],[112.835758,-7.267525],[112.836671,-7.267467]]],[[[112.771955,-7.285335],[112.771942,-7.285549],[112.771456,-7.285503],[112.771166,-7.287633],[112.770682,-7.289544],[112.77243,-7.289406],[112.772595,-7.288754],[112.773152,-7.287208],[112.773671,-7.285434],[112.773509,-7.285386],[112.77347,-7.285513],[112.771955,-7.285335]]]]}},{"type":"Feature","id":"35.78.02","properties":{"name":"WONOCOLO","code":"35.78.02","area":6.54,"legalBasis":"Peraturan Walikota Surabaya Nomor 121 Tahun 2022"},"geometry":{"type":"MultiPolygon","coordinates":[[[[112.753969,-7.305665],[112.754238,-7.305708],[112.754253,-7.305651],[112.755397,-7.305828],[112.755383,-7.305896],[112.7555,-7.305922],[112.755492,-7.305969],[112.756246,-7.306069],[112.756255,-7.306019],[112.756364,-7.305999],[112.756365,-7.305937],[112.756621,-7.30599],[112.756791,-7.305797],[112.757232,-7.305862],[112.757283,-7.305806],[112.757797,-7.305837],[112.758079,-7.30579],[112.758263,-7.305804],[112.758481,-7.305828],[112.760001,-7.306207],[112.760075,-7.305696],[112.760862,-7.305904],[112.760633,-7.306287],[112.760451,-7.30645],[112.760134,-7.306576],[112.760082,-7.307122],[112.759126,-7.306974],[112.759047,-7.307652],[112.758909,-7.307641],[112.758775,-7.308855],[112.759432,-7.309097],[112.756852,-7.312346],[112.756638,-7.312224],[112.756331,-7.312119],[112.756218,-7.311951],[112.756223,-7.311773],[112.756154,-7.311673],[112.756093,-7.311661],[112.755706,-7.311772],[112.755672,-7.312087],[112.755516,-7.312143],[112.755018,-7.311784],[112.754873,-7.311738],[112.754486,-7.311719],[112.753879,-7.311575],[112.753441,-7.311546],[112.753303,-7.311685],[112.753247,-7.312134],[112.753309,-7.312407],[112.753279,-7.312727],[112.75319,-7.312878],[112.7532,-7.313385],[112.75332,-7.313644],[112.753369,-7.314161],[112.753261,-7.314889],[112.753279,-7.315264],[112.754067,-7.315429],[112.752445,-7.316842],[112.751326,-7.317783],[112.750877,-7.318114],[112.75072,-7.317919],[112.750142,-7.317885],[112.749379,-7.317576],[112.748133,-7.317333],[112.747934,-7.31744],[112.747495,-7.319076],[112.747725,-7.31913],[112.747713,-7.319229],[112.747988,-7.319744],[112.746213,-7.320739],[112.747108,-7.322225],[112.746906,-7.322334],[112.746775,-7.323066],[112.743884,-7.322525],[112.743636,-7.324117],[112.743945,-7.324186],[112.743602,-7.328402],[112.743866,-7.328401],[112.743761,-7.329371],[112.743589,-7.329366],[112.743111,-7.332287],[112.742207,-7.335506],[112.742386,-7.33645],[112.74242,-7.336838],[112.742042,-7.338799],[112.7421,-7.339949],[112.742096,-7.340301],[112.742038,-7.340672],[112.742883,-7.340954],[112.742733,-7.341548],[112.742294,-7.343861],[112.741981,-7.345202],[112.741612,-7.34522],[112.738935,-7.345043],[112.737562,-7.344933],[112.737183,-7.3448],[112.73677,-7.344797],[112.736567,-7.344572],[112.736459,-7.34436],[112.736424,-7.343983],[112.736751,-7.343157],[112.736724,-7.342703],[112.736033,-7.342263],[112.733426,-7.341055],[112.733357,-7.340808],[112.733319,-7.340805],[112.733354,-7.339824],[112.731575,-7.339637],[112.729317,-7.339593],[112.729349,-7.33731],[112.729446,-7.336722],[112.731622,-7.327497],[112.735044,-7.311179],[112.739023,-7.312071],[112.739202,-7.311006],[112.74061,-7.311079],[112.74116,-7.308461],[112.741274,-7.308525],[112.74178,-7.30589],[112.745351,-7.305927],[112.748707,-7.305912],[112.748715,-7.305786],[112.748956,-7.305792],[112.748964,-7.305842],[112.750367,-7.30585],[112.750681,-7.305888],[112.750687,-7.305849],[112.75082,-7.305873],[112.750831,-7.305823],[112.751491,-7.305919],[112.7515,-7.305872],[112.752154,-7.305997],[112.752178,-7.305882],[112.752397,-7.305915],[112.752402,-7.305867],[112.752574,-7.305872],[112.752634,-7.305839],[112.752703,-7.305837],[112.752704,-7.305932],[112.752853,-7.305964],[112.752873,-7.305806],[112.753043,-7.305831],[112.75307,-7.305681],[112.753419,-7.305766],[112.753439,-7.305584],[112.753969,-7.305665]]]]}},{"type":"Feature","id":"35.78.25","properties":{"name":"GUNUNG ANYAR","code":"35.78.25","area":10.15,"legalBasis":"Peraturan Walikota Surabaya Nomor 121 Tahun 2022"},"geometry":{"type":"MultiPolygon","coordinates":[[[[112.758652,-7.330411],[112.763088,-7.330767],[112.76332,-7.330952],[112.763866,-7.330981],[112.764468,-7.331198],[112.764989,-7.331307],[112.766323,-7.331886],[112.766903,-7.332023],[112.767164,-7.331986],[112.76748,-7.33187],[112.767923,-7.331827],[112.768238,-7.331408],[112.768399,-7.331261],[112.770061,-7.3313],[112.770551,-7.331197],[112.771352,-7.331283],[112.772712,-7.331314],[112.775357,-7.331469],[112.779429,-7.331634],[112.78089,-7.331659],[112.78341,-7.331814],[112.787282,-7.331923],[112.78994,-7.332646],[112.791732,-7.333043],[112.792129,-7.333113],[112.794959,-7.333397],[112.797289,-7.333118],[112.803357,-7.332229],[112.804392,-7.33205],[112.805132,-7.331822],[112.805454,-7.331682],[112.806216,-7.331528],[112.806481,-7.331433],[112.808555,-7.331129],[112.809437,-7.331032],[112.810613,-7.331034],[112.811624,-7.330971],[112.814306,-7.330646],[112.816256,-7.330646],[112.81738,-7.330599],[112.818546,-7.330717],[112.819824,-7.330494],[112.820998,-7.330392],[112.821904,-7.330405],[112.822243,-7.330445],[112.823445,-7.330865],[112.823874,-7.330938],[112.824522,-7.330929],[112.825147,-7.330871],[112.825755,-7.330745],[112.825881,-7.330737],[112.826005,-7.33078],[112.826085,-7.330901],[112.826203,-7.331494],[112.826343,-7.331837],[112.826639,-7.332374],[112.827579,-7.333056],[112.828783,-7.333786],[112.829695,-7.334493],[112.831025,-7.335358],[112.830943,-7.335416],[112.830249,-7.336714],[112.829982,-7.336745],[112.828938,-7.337738],[112.828956,-7.338047],[112.828804,-7.338468],[112.828792,-7.339383],[112.828968,-7.339744],[112.82839,-7.340582],[112.828403,-7.341569],[112.828082,-7.341789],[112.827878,-7.34284],[112.827322,-7.343171],[112.826811,-7.343062],[112.825726,-7.343324],[112.824769,-7.343483],[112.824158,-7.343461],[112.823559,-7.343512],[112.822876,-7.343503],[112.821138,-7.343282],[112.820323,-7.343322],[112.819234,-7.343481],[112.818372,-7.3437],[112.817271,-7.344075],[112.816494,-7.344521],[112.815619,-7.344905],[112.814869,-7.345389],[112.81402,-7.346002],[112.813457,-7.346197],[112.812524,-7.346391],[112.811386,-7.346331],[112.808284,-7.34576],[112.8064,-7.345965],[112.805866,-7.346104],[112.805124,-7.345876],[112.803551,-7.345509],[112.80292,-7.345516],[112.802285,-7.345649],[112.802142,-7.345626],[112.801308,-7.345308],[112.800784,-7.345239],[112.79973,-7.345532],[112.799535,-7.345517],[112.79938,-7.345374],[112.799224,-7.345083],[112.798752,-7.344898],[112.798577,-7.344911],[112.798447,-7.344987],[112.798225,-7.345209],[112.797916,-7.345278],[112.797125,-7.345305],[112.796915,-7.345345],[112.796473,-7.345772],[112.796208,-7.345829],[112.796125,-7.345908],[112.79592,-7.346428],[112.795795,-7.346529],[112.794687,-7.346386],[112.793976,-7.346407],[112.79358,-7.346378],[112.792764,-7.346056],[112.791878,-7.345444],[112.791396,-7.344938],[112.791069,-7.344722],[112.789334,-7.343973],[112.789129,-7.343949],[112.788687,-7.34396],[112.786663,-7.344587],[112.786484,-7.344687],[112.786115,-7.345073],[112.786016,-7.345116],[112.785496,-7.345111],[112.785263,-7.345153],[112.785115,-7.345207],[112.784807,-7.345432],[112.784469,-7.345515],[112.783342,-7.345455],[112.781368,-7.345076],[112.779753,-7.344832],[112.779563,-7.344767],[112.779378,-7.344566],[112.77938,-7.34368],[112.779451,-7.342616],[112.779392,-7.342561],[112.778821,-7.342394],[112.777614,-7.342178],[112.777493,-7.342117],[112.777421,-7.341925],[112.777565,-7.340302],[112.777543,-7.340164],[112.777416,-7.340091],[112.776817,-7.340019],[112.776337,-7.340092],[112.775803,-7.339956],[112.775204,-7.339983],[112.774658,-7.339851],[112.774196,-7.339918],[112.774065,-7.339904],[112.773033,-7.339594],[112.772665,-7.33944],[112.772547,-7.339442],[112.772459,-7.339501],[112.772027,-7.339622],[112.771864,-7.339546],[112.771343,-7.339148],[112.77119,-7.339093],[112.771072,-7.33914],[112.770922,-7.339409],[112.770845,-7.339415],[112.770169,-7.339212],[112.770056,-7.339268],[112.769926,-7.339453],[112.769855,-7.339495],[112.76958,-7.33949],[112.76917,-7.339957],[112.769129,-7.340074],[112.768945,-7.340009],[112.768888,-7.340216],[112.769063,-7.340246],[112.769009,-7.340572],[112.768726,-7.340534],[112.768684,-7.340701],[112.768618,-7.340701],[112.768582,-7.341054],[112.768331,-7.341015],[112.768313,-7.341122],[112.768444,-7.341152],[112.768393,-7.341336],[112.768528,-7.341389],[112.768297,-7.341593],[112.768059,-7.341584],[112.767533,-7.341384],[112.767518,-7.340854],[112.767391,-7.340622],[112.767311,-7.340166],[112.767436,-7.339879],[112.767443,-7.339766],[112.767343,-7.339751],[112.767311,-7.339262],[112.766952,-7.339184],[112.767035,-7.338893],[112.766612,-7.338762],[112.766469,-7.338678],[112.766357,-7.338325],[112.765702,-7.338507],[112.765082,-7.338286],[112.764843,-7.338387],[112.763403,-7.338508],[112.762488,-7.338467],[112.761713,-7.338128],[112.760678,-7.337834],[112.760189,-7.337772],[112.756836,-7.336955],[112.755947,-7.336877],[112.755412,-7.336743],[112.755235,-7.336756],[112.755091,-7.336821],[112.754871,-7.337011],[112.754766,-7.337212],[112.754464,-7.336845],[112.757671,-7.330334],[112.758652,-7.330411]]]]}},{"type":"Feature","id":"35.78.24","properties":{"name":"TENGGILIS MEJOYO","code":"35.78.24","area":5.81,"legalBasis":"Peraturan Walikota Surabaya Nomor 121 Tahun 2022"},"geometry":{"type":"MultiPolygon","coordinates":[[[[112.761911,-7.306203],[112.772647,-7.309032],[112.772355,-7.309818],[112.771751,-7.311166],[112.771623,-7.311205],[112.771458,-7.311119],[112.770837,-7.310484],[112.770648,-7.310407],[112.770244,-7.31033],[112.769477,-7.310258],[112.769239,-7.310385],[112.768698,-7.310531],[112.768631,-7.310599],[112.768512,-7.311434],[112.768388,-7.31171],[112.768356,-7.312001],[112.768458,-7.312316],[112.768751,-7.312652],[112.768928,-7.313073],[112.768968,-7.313274],[112.768945,-7.313616],[112.768879,-7.313777],[112.768799,-7.313826],[112.76823,-7.314077],[112.767943,-7.314022],[112.767723,-7.313837],[112.767603,-7.313831],[112.767382,-7.314112],[112.767084,-7.314315],[112.766575,-7.314479],[112.766128,-7.31453],[112.765756,-7.314783],[112.765513,-7.314472],[112.764555,-7.313675],[112.764003,-7.313441],[112.763926,-7.313929],[112.764489,-7.314297],[112.764508,-7.314353],[112.764215,-7.314978],[112.763816,-7.31505],[112.763326,-7.31492],[112.763012,-7.314631],[112.762542,-7.314389],[112.762373,-7.314435],[112.762141,-7.31473],[112.762052,-7.314741],[112.761878,-7.314685],[112.761837,-7.31471],[112.761809,-7.314795],[112.761842,-7.314907],[112.762001,-7.315171],[112.762216,-7.315388],[112.762445,-7.315535],[112.762813,-7.315625],[112.762936,-7.315731],[112.763067,-7.315956],[112.763318,-7.31591],[112.763607,-7.315994],[112.763969,-7.316163],[112.764248,-7.315595],[112.764778,-7.315831],[112.754464,-7.336845],[112.754766,-7.337212],[112.754155,-7.338513],[112.754087,-7.338827],[112.754073,-7.340099],[112.753994,-7.340389],[112.753753,-7.340701],[112.753693,-7.340872],[112.753664,-7.341754],[112.753639,-7.342019],[112.753574,-7.342137],[112.753461,-7.34223],[112.753329,-7.342267],[112.75241,-7.342364],[112.750495,-7.342323],[112.748914,-7.342194],[112.748059,-7.342395],[112.747822,-7.34237],[112.747014,-7.342087],[112.743805,-7.341202],[112.743427,-7.341065],[112.743028,-7.340815],[112.742883,-7.340954],[112.742038,-7.340672],[112.742096,-7.340301],[112.7421,-7.339949],[112.742042,-7.338799],[112.74242,-7.336838],[112.742386,-7.33645],[112.742207,-7.335506],[112.743111,-7.332287],[112.743589,-7.329366],[112.743761,-7.329371],[112.743866,-7.328401],[112.743602,-7.328402],[112.743945,-7.324186],[112.743636,-7.324117],[112.743884,-7.322525],[112.746775,-7.323066],[112.746906,-7.322334],[112.747108,-7.322225],[112.746213,-7.320739],[112.747988,-7.319744],[112.747713,-7.319229],[112.747725,-7.31913],[112.747495,-7.319076],[112.747934,-7.31744],[112.748133,-7.317333],[112.749379,-7.317576],[112.750142,-7.317885],[112.75072,-7.317919],[112.750877,-7.318114],[112.751326,-7.317783],[112.754067,-7.315429],[112.753279,-7.315264],[112.753261,-7.314889],[112.753369,-7.314161],[112.75332,-7.313644],[112.7532,-7.313385],[112.75319,-7.312878],[112.753279,-7.312727],[112.753309,-7.312407],[112.753247,-7.312134],[112.753303,-7.311685],[112.753441,-7.311546],[112.753879,-7.311575],[112.754486,-7.311719],[112.754873,-7.311738],[112.755018,-7.311784],[112.755516,-7.312143],[112.755672,-7.312087],[112.755706,-7.311772],[112.756093,-7.311661],[112.756154,-7.311673],[112.756223,-7.311773],[112.756218,-7.311951],[112.756331,-7.312119],[112.756638,-7.312224],[112.756852,-7.312346],[112.759432,-7.309097],[112.758775,-7.308855],[112.758909,-7.307641],[112.759047,-7.307652],[112.759126,-7.306974],[112.760082,-7.307122],[112.760134,-7.306576],[112.760451,-7.30645],[112.760633,-7.306287],[112.760862,-7.305904],[112.761911,-7.306203]]]]}},{"type":"Feature","id":"35.78.30","properties":{"name":"PAKAL","code":"35.78.30","area":18.58,"legalBasis":"Peraturan Walikota Surabaya Nomor 121 Tahun 2022"},"geometry":{"type":"MultiPolygon","coordinates":[[[[112.597999,-7.203699],[112.598936,-7.203355],[112.600394,-7.202591],[112.600779,-7.202481],[112.601208,-7.202429],[112.601623,-7.202556],[112.602176,-7.202972],[112.602795,-7.203543],[112.603191,-7.203955],[112.603464,-7.204305],[112.60389,-7.204914],[112.604045,-7.205201],[112.604248,-7.205756],[112.604306,-7.206339],[112.604661,-7.207348],[112.604805,-7.20752],[112.604932,-7.207594],[112.605243,-7.207659],[112.605437,-7.207629],[112.605602,-7.207528],[112.605856,-7.207279],[112.606332,-7.206456],[112.606591,-7.205749],[112.606665,-7.205458],[112.606656,-7.205101],[112.606566,-7.204931],[112.606451,-7.204817],[112.606279,-7.204465],[112.606254,-7.204261],[112.606512,-7.203382],[112.606682,-7.203029],[112.606889,-7.202724],[112.607115,-7.202518],[112.607338,-7.202417],[112.607624,-7.202356],[112.607987,-7.202338],[112.608026,-7.202691],[112.608323,-7.203021],[112.608699,-7.203336],[112.608968,-7.203674],[112.609168,-7.204018],[112.609368,-7.204608],[112.60943,-7.204845],[112.609447,-7.20537],[112.609289,-7.206101],[112.609294,-7.206462],[112.609554,-7.207635],[112.609674,-7.207844],[112.609839,-7.207955],[112.610109,-7.208018],[112.610342,-7.207991],[112.610561,-7.207937],[112.610924,-7.207775],[112.611567,-7.207388],[112.61197,-7.207043],[112.612307,-7.206666],[112.612673,-7.20617],[112.612793,-7.205872],[112.612807,-7.205531],[112.612665,-7.204963],[112.612517,-7.204619],[112.612308,-7.204312],[112.611791,-7.203797],[112.611496,-7.203564],[112.610565,-7.203042],[112.61028,-7.202801],[112.610009,-7.20253],[112.609835,-7.202202],[112.609823,-7.202042],[112.609865,-7.201872],[112.609927,-7.201787],[112.610439,-7.201522],[112.61117,-7.201049],[112.611385,-7.200938],[112.611858,-7.2008],[112.612501,-7.200712],[112.613004,-7.200736],[112.613541,-7.200849],[112.614071,-7.201088],[112.614424,-7.201307],[112.614683,-7.201557],[112.6149,-7.201837],[112.615112,-7.202289],[112.615143,-7.203551],[112.614802,-7.205375],[112.61448,-7.206447],[112.6144,-7.206857],[112.614397,-7.207136],[112.614452,-7.207405],[112.614558,-7.207583],[112.614689,-7.2077],[112.614967,-7.207756],[112.615267,-7.207733],[112.615796,-7.20764],[112.616434,-7.207388],[112.616802,-7.207141],[112.616968,-7.206953],[112.617181,-7.206508],[112.617254,-7.206138],[112.617301,-7.205243],[112.617253,-7.204893],[112.617303,-7.204635],[112.617404,-7.204276],[112.617597,-7.203837],[112.617924,-7.203319],[112.618185,-7.202987],[112.618784,-7.202414],[112.619399,-7.202045],[112.620277,-7.201715],[112.620665,-7.202378],[112.620733,-7.20276],[112.620695,-7.203128],[112.620419,-7.203978],[112.620157,-7.20547],[112.619891,-7.206092],[112.6197,-7.206763],[112.619637,-7.207243],[112.619647,-7.207675],[112.619788,-7.208456],[112.619858,-7.208653],[112.620968,-7.208655],[112.621311,-7.208473],[112.622039,-7.208313],[112.622362,-7.208146],[112.622462,-7.208163],[112.622936,-7.207977],[112.623941,-7.207768],[112.624328,-7.207552],[112.624493,-7.207731],[112.624568,-7.20812],[112.624712,-7.208426],[112.625005,-7.208718],[112.625329,-7.209233],[112.625256,-7.209416],[112.625275,-7.210197],[112.625371,-7.21097],[112.625496,-7.210999],[112.625538,-7.211476],[112.626652,-7.212036],[112.627049,-7.212085],[112.627515,-7.211999],[112.627999,-7.212053],[112.628045,-7.212175],[112.628094,-7.213203],[112.62815,-7.21333],[112.628129,-7.213636],[112.627849,-7.214159],[112.627709,-7.214576],[112.627444,-7.214965],[112.627398,-7.215357],[112.626895,-7.21658],[112.626686,-7.21691],[112.626347,-7.217226],[112.626205,-7.218275],[112.626126,-7.219232],[112.626144,-7.219479],[112.626486,-7.219631],[112.626692,-7.219846],[112.627059,-7.220063],[112.627109,-7.22115],[112.627233,-7.221886],[112.627353,-7.222335],[112.627309,-7.22268],[112.626893,-7.223613],[112.626924,-7.223893],[112.627685,-7.224044],[112.62805,-7.223174],[112.628155,-7.222997],[112.628344,-7.222841],[112.628395,-7.222832],[112.629434,-7.22332],[112.629567,-7.222724],[112.629461,-7.222434],[112.629582,-7.221994],[112.629919,-7.221616],[112.630295,-7.221361],[112.630532,-7.22127],[112.630711,-7.221263],[112.631068,-7.221382],[112.631233,-7.221492],[112.631862,-7.221513],[112.632183,-7.221566],[112.632306,-7.221638],[112.632489,-7.221667],[112.632525,-7.221735],[112.632744,-7.22183],[112.633025,-7.22168],[112.633464,-7.221337],[112.633644,-7.221036],[112.63391,-7.220338],[112.634638,-7.220584],[112.634917,-7.220557],[112.634943,-7.220672],[112.634805,-7.22087],[112.634431,-7.22128],[112.634179,-7.221385],[112.633966,-7.221793],[112.633872,-7.222161],[112.633964,-7.223138],[112.633853,-7.223739],[112.634092,-7.224015],[112.634342,-7.224153],[112.634676,-7.224465],[112.63516,-7.224785],[112.635212,-7.224859],[112.635008,-7.225763],[112.634893,-7.226105],[112.634772,-7.226435],[112.634505,-7.226854],[112.63445,-7.227393],[112.634359,-7.227713],[112.634305,-7.227767],[112.63425,-7.228028],[112.634343,-7.228157],[112.634375,-7.228305],[112.634278,-7.228792],[112.634114,-7.229184],[112.633952,-7.229809],[112.633855,-7.230761],[112.633713,-7.231182],[112.633411,-7.231838],[112.633387,-7.232583],[112.633628,-7.233728],[112.633566,-7.233929],[112.633069,-7.234725],[112.633448,-7.234837],[112.63336,-7.235212],[112.632831,-7.236039],[112.632605,-7.237339],[112.632294,-7.238276],[112.632423,-7.238459],[112.632424,-7.238655],[112.632593,-7.238707],[112.633589,-7.23951],[112.633023,-7.24079],[112.632891,-7.241181],[112.632593,-7.241711],[112.632233,-7.242124],[112.631735,-7.24316],[112.633453,-7.244062],[112.633175,-7.244618],[112.633096,-7.244587],[112.633064,-7.244665],[112.63281,-7.244654],[112.632625,-7.245067],[112.632889,-7.245279],[112.632818,-7.24554],[112.633105,-7.245917],[112.632915,-7.245997],[112.632786,-7.246143],[112.632704,-7.246487],[112.632628,-7.24773],[112.632971,-7.247756],[112.632662,-7.248826],[112.633175,-7.249039],[112.632784,-7.249288],[112.632444,-7.24957],[112.632234,-7.249806],[112.631812,-7.250427],[112.631262,-7.251603],[112.631405,-7.251671],[112.63063,-7.253346],[112.630517,-7.253752],[112.630515,-7.253863],[112.630639,-7.254297],[112.632063,-7.258231],[112.632188,-7.258566],[112.632436,-7.259011],[112.632019,-7.259586],[112.632007,-7.259706],[112.631779,-7.259759],[112.631635,-7.259842],[112.631418,-7.26044],[112.630972,-7.260193],[112.630954,-7.260247],[112.630637,-7.260145],[112.630637,-7.260045],[112.629924,-7.259846],[112.629315,-7.259774],[112.629029,-7.259682],[112.628991,-7.259863],[112.628583,-7.259807],[112.628077,-7.259859],[112.628083,-7.259913],[112.627844,-7.259947],[112.627691,-7.260043],[112.627541,-7.260063],[112.627492,-7.260124],[112.626854,-7.260132],[112.62635,-7.26009],[112.62589,-7.259998],[112.625803,-7.260019],[112.625782,-7.25997],[112.625644,-7.259897],[112.625423,-7.260224],[112.625408,-7.260478],[112.62529,-7.260678],[112.625137,-7.260711],[112.624451,-7.26039],[112.623445,-7.260103],[112.622851,-7.259753],[112.622256,-7.259578],[112.622193,-7.259516],[112.622155,-7.259366],[112.621624,-7.259164],[112.621412,-7.258987],[112.6203,-7.258344],[112.619418,-7.258073],[112.618911,-7.257847],[112.618843,-7.25787],[112.618317,-7.257692],[112.618259,-7.257405],[112.61831,-7.257171],[112.618276,-7.256999],[112.618289,-7.256737],[112.618385,-7.256394],[112.618426,-7.256053],[112.618347,-7.255973],[112.618376,-7.255684],[112.617147,-7.255238],[112.616978,-7.255228],[112.61584,-7.254943],[112.61523,-7.254853],[112.615243,-7.254738],[112.614588,-7.254555],[112.614498,-7.254553],[112.614492,-7.254602],[112.614067,-7.254644],[112.613953,-7.253405],[112.613963,-7.25307],[112.614089,-7.252559],[112.614163,-7.252541],[112.614651,-7.250971],[112.614278,-7.250869],[112.613776,-7.250885],[112.613184,-7.25071],[112.613257,-7.250429],[112.613214,-7.250328],[112.612911,-7.250134],[112.612782,-7.249867],[112.612615,-7.249676],[112.612402,-7.24964],[112.612072,-7.249654],[112.611109,-7.249436],[112.610179,-7.249185],[112.609481,-7.248975],[112.609489,-7.24895],[112.608659,-7.248775],[112.608292,-7.248644],[112.608302,-7.248156],[112.607626,-7.24796],[112.607501,-7.248272],[112.607191,-7.248172],[112.606947,-7.248805],[112.606606,-7.248691],[112.606476,-7.248997],[112.606843,-7.249133],[112.606749,-7.249355],[112.6067,-7.249632],[112.606645,-7.249684],[112.606426,-7.249652],[112.606331,-7.249693],[112.605914,-7.250774],[112.605604,-7.250708],[112.605679,-7.250502],[112.605271,-7.250369],[112.605284,-7.250314],[112.605199,-7.250286],[112.605287,-7.249929],[112.604412,-7.249605],[112.604395,-7.249647],[112.60413,-7.249566],[112.604228,-7.249192],[112.604244,-7.248884],[112.603912,-7.248889],[112.603902,-7.248038],[112.603348,-7.247715],[112.603285,-7.247651],[112.603192,-7.247322],[112.602709,-7.247176],[112.602377,-7.247016],[112.601845,-7.246547],[112.601783,-7.24637],[112.601795,-7.24625],[112.60225,-7.245827],[112.602534,-7.245479],[112.602711,-7.245448],[112.603314,-7.245472],[112.60329,-7.245275],[112.603323,-7.244898],[112.603389,-7.244637],[112.603519,-7.244251],[112.603752,-7.243772],[112.603841,-7.243454],[112.603981,-7.243184],[112.604251,-7.242972],[112.604358,-7.242987],[112.60441,-7.242955],[112.604789,-7.242566],[112.604857,-7.242395],[112.605296,-7.242567],[112.605763,-7.241935],[112.60603,-7.241393],[112.606174,-7.241384],[112.606326,-7.241049],[112.606291,-7.241005],[112.606334,-7.240798],[112.606484,-7.240472],[112.606422,-7.240154],[112.606428,-7.239758],[112.606835,-7.238742],[112.606939,-7.238334],[112.607017,-7.237588],[112.607194,-7.237235],[112.606985,-7.237214],[112.606924,-7.23715],[112.60659,-7.237111],[112.606352,-7.23694],[112.606036,-7.236845],[112.60604,-7.236665],[112.606117,-7.236572],[112.606248,-7.236512],[112.606157,-7.236191],[112.606199,-7.236185],[112.606269,-7.236004],[112.606245,-7.235848],[112.606087,-7.235818],[112.606007,-7.235644],[112.605662,-7.235497],[112.605826,-7.234958],[112.605832,-7.234749],[112.60532,-7.234796],[112.605196,-7.23465],[112.605174,-7.234331],[112.60513,-7.234237],[112.605152,-7.234175],[112.604887,-7.23388],[112.604862,-7.233646],[112.605005,-7.233339],[112.604592,-7.233361],[112.604589,-7.232903],[112.604067,-7.232768],[112.603752,-7.23262],[112.603691,-7.232584],[112.603671,-7.232473],[112.603543,-7.23246],[112.603482,-7.232413],[112.603472,-7.232249],[112.602998,-7.232074],[112.602816,-7.232077],[112.602648,-7.232303],[112.602626,-7.23242],[112.602534,-7.232507],[112.602307,-7.23238],[112.602197,-7.232554],[112.601883,-7.232409],[112.601705,-7.232472],[112.601476,-7.232458],[112.601279,-7.232561],[112.601026,-7.232584],[112.600529,-7.232516],[112.600093,-7.232404],[112.600039,-7.232358],[112.600027,-7.232284],[112.600211,-7.231738],[112.600187,-7.231622],[112.60024,-7.231436],[112.600147,-7.231365],[112.599261,-7.231093],[112.599206,-7.231047],[112.599235,-7.230761],[112.59944,-7.230193],[112.599475,-7.229923],[112.599347,-7.2298],[112.599168,-7.229802],[112.598836,-7.229603],[112.598956,-7.229186],[112.598936,-7.228945],[112.59888,-7.2289],[112.598677,-7.228973],[112.598317,-7.22884],[112.598096,-7.228624],[112.597793,-7.2285],[112.597748,-7.228413],[112.59772,-7.228308],[112.597759,-7.228254],[112.598086,-7.2282],[112.598449,-7.22803],[112.598597,-7.227901],[112.59874,-7.227665],[112.598811,-7.227421],[112.598767,-7.22702],[112.598453,-7.226642],[112.597752,-7.226253],[112.597683,-7.226162],[112.597406,-7.225213],[112.597177,-7.223844],[112.596945,-7.223472],[112.596781,-7.223378],[112.596439,-7.223322],[112.595738,-7.223361],[112.593771,-7.223315],[112.593311,-7.223559],[112.59285,-7.223718],[112.592504,-7.223759],[112.592071,-7.223696],[112.59177,-7.223475],[112.591521,-7.22295],[112.591494,-7.222693],[112.591552,-7.222538],[112.591639,-7.221852],[112.591529,-7.220617],[112.591531,-7.220222],[112.591136,-7.218831],[112.590983,-7.218512],[112.590807,-7.217959],[112.590321,-7.216117],[112.590279,-7.215485],[112.590314,-7.215252],[112.590292,-7.215212],[112.590108,-7.215151],[112.590439,-7.21404],[112.590761,-7.214135],[112.590889,-7.21437],[112.591356,-7.214372],[112.591606,-7.214458],[112.591915,-7.214623],[112.592755,-7.215223],[112.593181,-7.215145],[112.593766,-7.215131],[112.593951,-7.215205],[112.59425,-7.21543],[112.594437,-7.215903],[112.594671,-7.216991],[112.595078,-7.217572],[112.595541,-7.218816],[112.595599,-7.21907],[112.595588,-7.21945],[112.59566,-7.219962],[112.595641,-7.220372],[112.595732,-7.220879],[112.59579,-7.220983],[112.596399,-7.221525],[112.597178,-7.222392],[112.597357,-7.222741],[112.597609,-7.223024],[112.597505,-7.223238],[112.59776,-7.223358],[112.598154,-7.223363],[112.598263,-7.223317],[112.598376,-7.223143],[112.59922,-7.223307],[112.599346,-7.222849],[112.599244,-7.222591],[112.598994,-7.222198],[112.598573,-7.221758],[112.597885,-7.221195],[112.597688,-7.220865],[112.597526,-7.22039],[112.597498,-7.219968],[112.597527,-7.21945],[112.598112,-7.218641],[112.598357,-7.218826],[112.598716,-7.218363],[112.598955,-7.218158],[112.599256,-7.218101],[112.600408,-7.217701],[112.600953,-7.21742],[112.601144,-7.217076],[112.601224,-7.216783],[112.601129,-7.216194],[112.601031,-7.216052],[112.600638,-7.21572],[112.600078,-7.215423],[112.599924,-7.215326],[112.599863,-7.215241],[112.599261,-7.215186],[112.598901,-7.215245],[112.59849,-7.215445],[112.597494,-7.216211],[112.596717,-7.216051],[112.596077,-7.216141],[112.595702,-7.215871],[112.595471,-7.215515],[112.595366,-7.215275],[112.595035,-7.215062],[112.594729,-7.214583],[112.595342,-7.214165],[112.596831,-7.212889],[112.59719,-7.212666],[112.597941,-7.212364],[112.598336,-7.212303],[112.598613,-7.212339],[112.599184,-7.213288],[112.599441,-7.213495],[112.599543,-7.213528],[112.600066,-7.213593],[112.600233,-7.213573],[112.600578,-7.213451],[112.60073,-7.213309],[112.600906,-7.212896],[112.600962,-7.212468],[112.600972,-7.211953],[112.600746,-7.210577],[112.600628,-7.210201],[112.600359,-7.209729],[112.600186,-7.209582],[112.599844,-7.209146],[112.59941,-7.208737],[112.599288,-7.208564],[112.598921,-7.207795],[112.598604,-7.207262],[112.597866,-7.206685],[112.597618,-7.206661],[112.597037,-7.206921],[112.596834,-7.206963],[112.596452,-7.206838],[112.596252,-7.206707],[112.596171,-7.206602],[112.596149,-7.206451],[112.59619,-7.206179],[112.596319,-7.205771],[112.596432,-7.205441],[112.596777,-7.204723],[112.597098,-7.204252],[112.597447,-7.203956],[112.59762,-7.203841],[112.597999,-7.203699]]]]}},{"type":"Feature","id":"35.78.06","properties":{"name":"SAWAHAN","code":"35.78.06","area":7.16,"legalBasis":"Peraturan Walikota Surabaya Nomor 26 Tahun 2023"},"geometry":{"type":"MultiPolygon","coordinates":[[[[112.71477,-7.25496],[112.715092,-7.255045],[112.715136,-7.254882],[112.715573,-7.254907],[112.715524,-7.255218],[112.715749,-7.255287],[112.716199,-7.255192],[112.716327,-7.255205],[112.716915,-7.255513],[112.71807,-7.255892],[112.719923,-7.256303],[112.724766,-7.257051],[112.725249,-7.257092],[112.725623,-7.256965],[112.725905,-7.25693],[112.726078,-7.255739],[112.728943,-7.25607],[112.729819,-7.256038],[112.73068,-7.256272],[112.730968,-7.256301],[112.731459,-7.256191],[112.73206,-7.255875],[112.732288,-7.25586],[112.733966,-7.256031],[112.734228,-7.25599],[112.734221,-7.256191],[112.733164,-7.258442],[112.732432,-7.260162],[112.730507,-7.265131],[112.729229,-7.268274],[112.728609,-7.27008],[112.727032,-7.273971],[112.7268,-7.274701],[112.726822,-7.275061],[112.726992,-7.275442],[112.72799,-7.27664],[112.727522,-7.277801],[112.727571,-7.278176],[112.727708,-7.278605],[112.727604,-7.279199],[112.727639,-7.279482],[112.727977,-7.27975],[112.728841,-7.280154],[112.729056,-7.280331],[112.729119,-7.28043],[112.729201,-7.280617],[112.729209,-7.280752],[112.728972,-7.281363],[112.728922,-7.281556],[112.728939,-7.281657],[112.729261,-7.282012],[112.729566,-7.282719],[112.73006,-7.283426],[112.730238,-7.284066],[112.730185,-7.284482],[112.730181,-7.284929],[112.730079,-7.285383],[112.730004,-7.285563],[112.729749,-7.28577],[112.729674,-7.285964],[112.729763,-7.286636],[112.729564,-7.287248],[112.729594,-7.287552],[112.729689,-7.287744],[112.730388,-7.288733],[112.730412,-7.288836],[112.730374,-7.289146],[112.730117,-7.289807],[112.729952,-7.290125],[112.729668,-7.29033],[112.7294,-7.29066],[112.729302,-7.290848],[112.729018,-7.291787],[112.728781,-7.29208],[112.728909,-7.292177],[112.72867,-7.292468],[112.721759,-7.291957],[112.717861,-7.291614],[112.717003,-7.29146],[112.716113,-7.291245],[112.713388,-7.290354],[112.713713,-7.288821],[112.715568,-7.284889],[112.716305,-7.282432],[112.717309,-7.279618],[112.717364,-7.279572],[112.717603,-7.278826],[112.71494,-7.278032],[112.713856,-7.278162],[112.713078,-7.278111],[112.713032,-7.278165],[112.713018,-7.278301],[112.713037,-7.278717],[112.7131,-7.27872],[112.713029,-7.278888],[112.712893,-7.279094],[112.712862,-7.279075],[112.712681,-7.27928],[112.71223,-7.279896],[112.711658,-7.279649],[112.711732,-7.279533],[112.711416,-7.279358],[112.712158,-7.278517],[112.711581,-7.278369],[112.710753,-7.278071],[112.71038,-7.278002],[112.710387,-7.277974],[112.710007,-7.277844],[112.710016,-7.277814],[112.709482,-7.277679],[112.709536,-7.277441],[112.709781,-7.277514],[112.70985,-7.2773],[112.709955,-7.277331],[112.710028,-7.277071],[112.709927,-7.277037],[112.710024,-7.276645],[112.711332,-7.277007],[112.71151,-7.276249],[112.711792,-7.276327],[112.711612,-7.277111],[112.712319,-7.277312],[112.712628,-7.276021],[112.712544,-7.275977],[112.712364,-7.275979],[112.711879,-7.275881],[112.711824,-7.275963],[112.711693,-7.275988],[112.710077,-7.275643],[112.709922,-7.275669],[112.709548,-7.275596],[112.709342,-7.275597],[112.708558,-7.275729],[112.708744,-7.272988],[112.710626,-7.273224],[112.711083,-7.271348],[112.711395,-7.270495],[112.711474,-7.269823],[112.711671,-7.269263],[112.711826,-7.269406],[112.713027,-7.269836],[112.713306,-7.269276],[112.713508,-7.268201],[112.713744,-7.268266],[112.713898,-7.267291],[112.712858,-7.267084],[112.712973,-7.266396],[112.712771,-7.26635],[112.712932,-7.265409],[112.713381,-7.262117],[112.714304,-7.256339],[112.714365,-7.256133],[112.714712,-7.256365],[112.714787,-7.256295],[112.714862,-7.255964],[112.714239,-7.255785],[112.714173,-7.255944],[112.714038,-7.255871],[112.713806,-7.255841],[112.713679,-7.255781],[112.713252,-7.255265],[112.712739,-7.254998],[112.712555,-7.254354],[112.712549,-7.254215],[112.713399,-7.254207],[112.713295,-7.253937],[112.713375,-7.253936],[112.713476,-7.253942],[112.71404,-7.254222],[112.714359,-7.254228],[112.714527,-7.254281],[112.714713,-7.254402],[112.71479,-7.254504],[112.714719,-7.254703],[112.714733,-7.25477],[112.714804,-7.25482],[112.71477,-7.25496]]]]}},{"type":"Feature","id":"35.78.21","properties":{"name":"DUKUH PAKIS","code":"35.78.21","area":10.27,"legalBasis":"Peraturan Walikota Surabaya Nomor 26 Tahun 2023"},"geometry":{"type":"MultiPolygon","coordinates":[[[[112.686663,-7.278171],[112.686996,-7.278576],[112.687365,-7.27827],[112.687741,-7.278724],[112.688482,-7.278102],[112.688735,-7.278436],[112.689801,-7.277567],[112.689959,-7.277766],[112.690074,-7.277677],[112.690738,-7.278467],[112.690825,-7.278396],[112.690832,-7.278155],[112.690948,-7.278054],[112.691233,-7.278112],[112.693667,-7.278341],[112.69366,-7.278547],[112.694066,-7.278806],[112.693718,-7.279255],[112.693956,-7.279505],[112.694464,-7.27907],[112.694716,-7.279412],[112.695602,-7.278672],[112.69571,-7.278666],[112.695857,-7.278826],[112.695694,-7.27895],[112.697221,-7.28074],[112.696279,-7.281545],[112.696836,-7.282191],[112.694974,-7.283719],[112.694748,-7.284985],[112.694636,-7.284954],[112.694284,-7.286337],[112.694881,-7.286392],[112.694713,-7.287176],[112.694653,-7.287938],[112.694122,-7.289441],[112.696372,-7.290641],[112.696355,-7.290683],[112.69777,-7.291419],[112.698345,-7.291778],[112.70177,-7.293524],[112.702098,-7.292092],[112.70235,-7.292218],[112.702327,-7.292302],[112.702857,-7.292576],[112.702835,-7.292637],[112.703045,-7.292714],[112.703171,-7.292422],[112.703553,-7.292761],[112.703689,-7.29238],[112.703786,-7.292404],[112.704457,-7.291812],[112.704496,-7.291644],[112.704794,-7.291123],[112.705054,-7.291155],[112.705352,-7.289961],[112.706148,-7.288402],[112.706763,-7.288315],[112.707088,-7.288345],[112.707957,-7.284622],[112.707302,-7.284469],[112.707493,-7.283644],[112.706818,-7.283584],[112.704961,-7.283146],[112.704672,-7.283201],[112.704632,-7.283093],[112.701929,-7.285327],[112.701816,-7.285188],[112.702174,-7.284914],[112.702176,-7.284637],[112.702116,-7.284627],[112.701798,-7.284375],[112.70124,-7.284832],[112.700225,-7.283617],[112.700812,-7.283141],[112.700415,-7.282658],[112.701695,-7.281572],[112.701299,-7.281094],[112.701786,-7.280688],[112.701322,-7.280114],[112.705088,-7.276996],[112.706277,-7.278422],[112.706525,-7.278646],[112.706673,-7.278732],[112.707949,-7.279207],[112.708206,-7.277427],[112.708189,-7.276554],[112.70806,-7.275813],[112.709342,-7.275597],[112.709548,-7.275596],[112.709922,-7.275669],[112.710077,-7.275643],[112.711693,-7.275988],[112.711824,-7.275963],[112.711879,-7.275881],[112.712364,-7.275979],[112.712544,-7.275977],[112.712628,-7.276021],[112.712319,-7.277312],[112.711612,-7.277111],[112.711792,-7.276327],[112.71151,-7.276249],[112.711332,-7.277007],[112.710024,-7.276645],[112.709927,-7.277037],[112.710028,-7.277071],[112.709955,-7.277331],[112.70985,-7.2773],[112.709781,-7.277514],[112.709536,-7.277441],[112.709482,-7.277679],[112.710016,-7.277814],[112.710007,-7.277844],[112.710387,-7.277974],[112.71038,-7.278002],[112.710753,-7.278071],[112.711581,-7.278369],[112.712158,-7.278517],[112.711416,-7.279358],[112.711732,-7.279533],[112.711658,-7.279649],[112.712047,-7.279831],[112.71223,-7.279896],[112.712681,-7.27928],[112.712862,-7.279075],[112.712893,-7.279094],[112.713029,-7.278888],[112.7131,-7.27872],[112.713037,-7.278717],[112.713018,-7.278301],[112.713032,-7.278165],[112.713078,-7.278111],[112.713856,-7.278162],[112.71494,-7.278032],[112.717603,-7.278826],[112.717364,-7.279572],[112.717309,-7.279618],[112.716305,-7.282432],[112.715568,-7.284889],[112.713713,-7.288821],[112.713388,-7.290354],[112.716113,-7.291245],[112.717003,-7.29146],[112.717861,-7.291614],[112.724958,-7.292203],[112.724836,-7.293033],[112.724982,-7.293241],[112.724972,-7.293344],[112.724591,-7.29399],[112.724504,-7.294035],[112.723686,-7.294097],[112.7236,-7.294212],[112.723436,-7.294617],[112.723177,-7.29485],[112.722487,-7.294992],[112.72213,-7.294959],[112.72201,-7.295005],[112.721646,-7.295338],[112.721411,-7.295463],[112.721196,-7.295639],[112.720931,-7.296002],[112.720864,-7.296268],[112.720813,-7.297484],[112.720728,-7.298111],[112.720749,-7.298338],[112.721049,-7.298933],[112.721072,-7.299235],[112.720962,-7.299777],[112.720632,-7.302053],[112.720269,-7.30512],[112.720161,-7.305637],[112.720118,-7.306266],[112.720097,-7.306358],[112.719977,-7.3065],[112.719938,-7.306823],[112.719965,-7.308025],[112.717712,-7.308103],[112.714308,-7.307596],[112.713577,-7.307842],[112.713497,-7.307091],[112.712938,-7.307112],[112.712072,-7.306818],[112.712067,-7.306869],[112.711062,-7.306818],[112.709384,-7.306813],[112.709388,-7.306589],[112.707942,-7.306606],[112.707943,-7.306817],[112.707791,-7.306819],[112.707787,-7.307346],[112.707591,-7.307263],[112.707277,-7.307266],[112.707412,-7.303911],[112.707427,-7.303791],[112.707689,-7.303618],[112.707006,-7.301692],[112.705041,-7.300103],[112.704686,-7.300926],[112.704159,-7.301697],[112.703131,-7.301868],[112.701984,-7.302315],[112.701617,-7.302571],[112.70003,-7.302485],[112.697675,-7.30176],[112.69712,-7.301799],[112.697114,-7.301671],[112.691704,-7.299421],[112.691753,-7.299265],[112.69126,-7.299112],[112.690568,-7.298691],[112.688148,-7.297806],[112.686596,-7.296788],[112.686534,-7.296645],[112.686012,-7.29675],[112.686082,-7.297052],[112.685555,-7.297295],[112.685116,-7.29734],[112.684814,-7.297255],[112.683751,-7.297345],[112.683714,-7.297378],[112.681318,-7.296027],[112.680568,-7.296071],[112.680438,-7.295998],[112.680312,-7.296015],[112.679974,-7.296629],[112.677278,-7.295785],[112.676831,-7.295583],[112.676766,-7.294616],[112.676928,-7.294585],[112.677036,-7.294499],[112.677086,-7.294359],[112.677047,-7.294197],[112.676859,-7.294054],[112.676725,-7.294059],[112.676579,-7.294161],[112.676339,-7.293885],[112.676263,-7.293742],[112.676043,-7.293767],[112.675524,-7.293736],[112.675545,-7.293594],[112.676037,-7.291573],[112.67623,-7.291209],[112.676351,-7.290724],[112.676511,-7.290785],[112.677333,-7.289038],[112.677493,-7.28884],[112.677361,-7.28874],[112.677799,-7.287793],[112.677571,-7.287691],[112.677908,-7.286694],[112.677801,-7.286627],[112.677769,-7.286496],[112.678042,-7.285744],[112.678028,-7.285631],[112.678641,-7.283518],[112.678923,-7.282297],[112.678477,-7.282168],[112.678545,-7.281905],[112.678837,-7.281253],[112.679082,-7.281117],[112.679142,-7.28079],[112.679284,-7.280431],[112.679441,-7.280197],[112.679662,-7.280118],[112.679778,-7.28049],[112.684214,-7.276824],[112.684355,-7.27506],[112.68544,-7.275132],[112.68533,-7.276551],[112.686663,-7.278171]]]]}},{"type":"Feature","id":"35.78.01","properties":{"name":"KARANG PILANG","code":"35.78.01","area":9.47,"legalBasis":"Peraturan Walikota Surabaya Nomor 11 Tahun 2025"},"geometry":{"type":"MultiPolygon","coordinates":[[[[112.710688,-7.313505],[112.710973,-7.313596],[112.711182,-7.313588],[112.711186,-7.313391],[112.711321,-7.313389],[112.711277,-7.316703],[112.711182,-7.318767],[112.710397,-7.321198],[112.710114,-7.322609],[112.710058,-7.32341],[112.710262,-7.326257],[112.710347,-7.32712],[112.710468,-7.327836],[112.710431,-7.32868],[112.710243,-7.329143],[112.709655,-7.329819],[112.708713,-7.330742],[112.707843,-7.331513],[112.70543,-7.335106],[112.704277,-7.33651],[112.702854,-7.337917],[112.702108,-7.338422],[112.70129,-7.338799],[112.700386,-7.339376],[112.698195,-7.341667],[112.696231,-7.342995],[112.694838,-7.343459],[112.693685,-7.343942],[112.691963,-7.344791],[112.690068,-7.345583],[112.685126,-7.346788],[112.683059,-7.347465],[112.681585,-7.348275],[112.67977,-7.349717],[112.678641,-7.350353],[112.677473,-7.350759],[112.675788,-7.351186],[112.674945,-7.351319],[112.673316,-7.351421],[112.671614,-7.351475],[112.670176,-7.351313],[112.66936,-7.3511],[112.66833,-7.351032],[112.665575,-7.351425],[112.664586,-7.351436],[112.664578,-7.350825],[112.664677,-7.349688],[112.664599,-7.348656],[112.664702,-7.34713],[112.664682,-7.345988],[112.664769,-7.344967],[112.664818,-7.344972],[112.664834,-7.34485],[112.664918,-7.343434],[112.664962,-7.343352],[112.66508,-7.34169],[112.665043,-7.341641],[112.665128,-7.341274],[112.665142,-7.34103],[112.665088,-7.340957],[112.665091,-7.340805],[112.664965,-7.340409],[112.664407,-7.339785],[112.664261,-7.339814],[112.664322,-7.339965],[112.664046,-7.339939],[112.663714,-7.339793],[112.663414,-7.339602],[112.663137,-7.339535],[112.663175,-7.339467],[112.663146,-7.3393],[112.663051,-7.339254],[112.662886,-7.338841],[112.662418,-7.338256],[112.6622,-7.337851],[112.66165,-7.337384],[112.661383,-7.337233],[112.661245,-7.336919],[112.661197,-7.336706],[112.660959,-7.336291],[112.660783,-7.336175],[112.66081,-7.335943],[112.660859,-7.33594],[112.660855,-7.33591],[112.660535,-7.33519],[112.66052,-7.334891],[112.659599,-7.334364],[112.659661,-7.333678],[112.658659,-7.332209],[112.658663,-7.332038],[112.658419,-7.331701],[112.658459,-7.331379],[112.658287,-7.331374],[112.657972,-7.33102],[112.658174,-7.330853],[112.658329,-7.330506],[112.658427,-7.330164],[112.658815,-7.330289],[112.659013,-7.330216],[112.659136,-7.330236],[112.659191,-7.33035],[112.659331,-7.330343],[112.659529,-7.330247],[112.659731,-7.330204],[112.66003,-7.330048],[112.660338,-7.330002],[112.660809,-7.32973],[112.661234,-7.329648],[112.66288,-7.329577],[112.663283,-7.32966],[112.663657,-7.329642],[112.663705,-7.32953],[112.663886,-7.32954],[112.664196,-7.329849],[112.664262,-7.330039],[112.664363,-7.330083],[112.664547,-7.329848],[112.664737,-7.329799],[112.664778,-7.329863],[112.66506,-7.330031],[112.665115,-7.330127],[112.66509,-7.330335],[112.665599,-7.330447],[112.666134,-7.330355],[112.665947,-7.330944],[112.666087,-7.330936],[112.666056,-7.331123],[112.666133,-7.331164],[112.666064,-7.331298],[112.666069,-7.331418],[112.66596,-7.331774],[112.666068,-7.331796],[112.666043,-7.332169],[112.66626,-7.332353],[112.666477,-7.332637],[112.666478,-7.33309],[112.666907,-7.334171],[112.666945,-7.334516],[112.667093,-7.334589],[112.667143,-7.334716],[112.667441,-7.334935],[112.668073,-7.335063],[112.668055,-7.335151],[112.668475,-7.335361],[112.66938,-7.335478],[112.66972,-7.335492],[112.670215,-7.335444],[112.670301,-7.335524],[112.673649,-7.335507],[112.675249,-7.335566],[112.675678,-7.335642],[112.682721,-7.336244],[112.690896,-7.335487],[112.693853,-7.336636],[112.694816,-7.33436],[112.695469,-7.334505],[112.695836,-7.333116],[112.696002,-7.332818],[112.696188,-7.332264],[112.696153,-7.332253],[112.696197,-7.332085],[112.696235,-7.331291],[112.696306,-7.330834],[112.696231,-7.330768],[112.695939,-7.33066],[112.69518,-7.330442],[112.695247,-7.330163],[112.695354,-7.329929],[112.695377,-7.329437],[112.694695,-7.328533],[112.692349,-7.326841],[112.692421,-7.326748],[112.692337,-7.326567],[112.692327,-7.326363],[112.692607,-7.324303],[112.691426,-7.324102],[112.691416,-7.32416],[112.691302,-7.324136],[112.691209,-7.324515],[112.690206,-7.324265],[112.690404,-7.323025],[112.690444,-7.322465],[112.692081,-7.322723],[112.693392,-7.322993],[112.697623,-7.324087],[112.698155,-7.322],[112.698865,-7.322277],[112.699141,-7.32233],[112.699246,-7.3214],[112.69927,-7.320327],[112.699378,-7.319783],[112.699559,-7.319436],[112.699108,-7.319335],[112.699456,-7.318936],[112.701004,-7.316365],[112.702315,-7.314027],[112.70326,-7.314119],[112.703585,-7.314112],[112.703612,-7.314022],[112.703783,-7.313931],[112.703782,-7.313783],[112.704677,-7.313785],[112.704743,-7.313024],[112.705963,-7.312852],[112.707625,-7.312725],[112.708618,-7.31275],[112.70965,-7.312855],[112.709629,-7.313024],[112.709894,-7.313055],[112.709891,-7.313108],[112.710675,-7.313173],[112.710688,-7.313505]]]]}},{"type":"Feature","id":"35.78.20","properties":{"name":"WIYUNG","code":"35.78.20","area":12.17,"legalBasis":"Peraturan Walikota Surabaya Nomor 11 Tahun 2025"},"geometry":{"type":"MultiPolygon","coordinates":[[[[112.674026,-7.282838],[112.674834,-7.282874],[112.675289,-7.282935],[112.675228,-7.283431],[112.676034,-7.283539],[112.676069,-7.283369],[112.676425,-7.283461],[112.676458,-7.283351],[112.677327,-7.283539],[112.677386,-7.283509],[112.678553,-7.283839],[112.678028,-7.285631],[112.678042,-7.285744],[112.677769,-7.286496],[112.677801,-7.286627],[112.677908,-7.286694],[112.677571,-7.287691],[112.677799,-7.287793],[112.677361,-7.28874],[112.677493,-7.28884],[112.677333,-7.289038],[112.676511,-7.290785],[112.676351,-7.290724],[112.67623,-7.291209],[112.676037,-7.291573],[112.675524,-7.293736],[112.676043,-7.293767],[112.676263,-7.293742],[112.676339,-7.293885],[112.676579,-7.294161],[112.676725,-7.294059],[112.676859,-7.294054],[112.677047,-7.294197],[112.677086,-7.294359],[112.677036,-7.294499],[112.676928,-7.294585],[112.676766,-7.294616],[112.676831,-7.295583],[112.676906,-7.29563],[112.677278,-7.295785],[112.679974,-7.296629],[112.680312,-7.296015],[112.680438,-7.295998],[112.680568,-7.296071],[112.681318,-7.296027],[112.683714,-7.297378],[112.683751,-7.297345],[112.684814,-7.297255],[112.685116,-7.29734],[112.685555,-7.297295],[112.686082,-7.297052],[112.686012,-7.29675],[112.686534,-7.296645],[112.686596,-7.296788],[112.688148,-7.297806],[112.690568,-7.298691],[112.69126,-7.299112],[112.691753,-7.299265],[112.691704,-7.299421],[112.697114,-7.301671],[112.69712,-7.301799],[112.697675,-7.30176],[112.70003,-7.302485],[112.701617,-7.302571],[112.701984,-7.302315],[112.703131,-7.301868],[112.704159,-7.301697],[112.704686,-7.300926],[112.705041,-7.300103],[112.707006,-7.301692],[112.707689,-7.303618],[112.707427,-7.303791],[112.707412,-7.303911],[112.707277,-7.307266],[112.707591,-7.307263],[112.707787,-7.307346],[112.707791,-7.306819],[112.707943,-7.306817],[112.707942,-7.306606],[112.709388,-7.306589],[112.709384,-7.306813],[112.711062,-7.306818],[112.712067,-7.306869],[112.712072,-7.306818],[112.712938,-7.307112],[112.713497,-7.307091],[112.713577,-7.307842],[112.713007,-7.308268],[112.712205,-7.308992],[112.71184,-7.309528],[112.711535,-7.310383],[112.711429,-7.310958],[112.711369,-7.311727],[112.711321,-7.313389],[112.711186,-7.313391],[112.711182,-7.313588],[112.710973,-7.313596],[112.710688,-7.313505],[112.710675,-7.313173],[112.710263,-7.313161],[112.709891,-7.313108],[112.709894,-7.313055],[112.709629,-7.313024],[112.70965,-7.312855],[112.708618,-7.31275],[112.707625,-7.312725],[112.705963,-7.312852],[112.704743,-7.313024],[112.704677,-7.313785],[112.703782,-7.313783],[112.703783,-7.313931],[112.703612,-7.314022],[112.703585,-7.314112],[112.70326,-7.314119],[112.702315,-7.314027],[112.701004,-7.316365],[112.699456,-7.318936],[112.699108,-7.319335],[112.699559,-7.319436],[112.699378,-7.319783],[112.69927,-7.320327],[112.699246,-7.3214],[112.699141,-7.32233],[112.698865,-7.322277],[112.698155,-7.322],[112.697623,-7.324087],[112.693392,-7.322993],[112.692081,-7.322723],[112.690444,-7.322465],[112.690404,-7.323025],[112.690206,-7.324265],[112.691209,-7.324515],[112.691302,-7.324136],[112.691416,-7.32416],[112.691426,-7.324102],[112.692607,-7.324303],[112.692327,-7.326363],[112.692337,-7.326567],[112.692421,-7.326748],[112.692349,-7.326841],[112.694695,-7.328533],[112.695377,-7.329437],[112.695354,-7.329929],[112.695247,-7.330163],[112.69518,-7.330442],[112.695939,-7.33066],[112.696231,-7.330768],[112.696306,-7.330834],[112.696235,-7.331291],[112.696197,-7.332085],[112.696153,-7.332253],[112.696188,-7.332264],[112.696002,-7.332818],[112.695836,-7.333116],[112.695469,-7.334505],[112.694816,-7.33436],[112.693853,-7.336636],[112.690896,-7.335487],[112.682721,-7.336244],[112.675678,-7.335642],[112.675249,-7.335566],[112.675396,-7.33488],[112.675769,-7.333726],[112.675942,-7.332907],[112.674877,-7.33262],[112.675688,-7.330681],[112.675856,-7.330371],[112.675997,-7.329969],[112.676101,-7.329976],[112.676308,-7.329912],[112.676392,-7.329811],[112.676444,-7.329663],[112.676577,-7.329582],[112.676644,-7.329568],[112.67699,-7.329668],[112.677374,-7.329711],[112.677855,-7.329824],[112.677887,-7.329862],[112.677866,-7.33016],[112.677983,-7.330246],[112.678168,-7.330233],[112.678602,-7.330067],[112.678933,-7.329996],[112.678954,-7.329847],[112.679015,-7.329771],[112.679133,-7.32917],[112.679039,-7.328851],[112.679102,-7.328644],[112.679257,-7.328607],[112.679462,-7.328102],[112.679549,-7.327825],[112.679511,-7.32766],[112.67974,-7.326985],[112.679889,-7.326968],[112.680137,-7.32627],[112.680233,-7.326119],[112.680388,-7.325642],[112.680399,-7.325472],[112.680853,-7.324305],[112.681939,-7.319933],[112.680083,-7.319582],[112.677661,-7.318967],[112.67654,-7.318553],[112.675499,-7.318288],[112.675702,-7.317552],[112.675081,-7.317312],[112.674639,-7.317309],[112.674093,-7.317439],[112.67396,-7.317901],[112.672385,-7.317635],[112.671588,-7.31758],[112.671652,-7.317066],[112.671746,-7.316844],[112.671683,-7.316796],[112.672212,-7.315949],[112.672563,-7.31498],[112.672782,-7.31423],[112.674012,-7.308961],[112.673991,-7.308762],[112.674311,-7.306947],[112.674227,-7.305032],[112.673888,-7.305018],[112.673821,-7.304282],[112.673725,-7.304036],[112.673692,-7.303472],[112.67363,-7.303354],[112.673783,-7.303173],[112.673986,-7.303179],[112.674007,-7.30314],[112.67388,-7.302868],[112.674101,-7.302505],[112.674074,-7.301961],[112.674477,-7.300975],[112.674879,-7.300234],[112.674936,-7.300216],[112.675422,-7.300488],[112.675342,-7.299865],[112.675343,-7.298319],[112.6687,-7.298304],[112.668709,-7.297703],[112.669275,-7.297208],[112.672502,-7.29391],[112.671502,-7.293742],[112.67171,-7.292522],[112.671914,-7.292554],[112.672224,-7.290893],[112.673234,-7.291087],[112.674094,-7.291889],[112.674329,-7.291642],[112.674338,-7.291587],[112.675278,-7.290677],[112.675368,-7.290522],[112.67557,-7.290319],[112.675637,-7.290314],[112.675995,-7.289957],[112.6764,-7.289438],[112.676487,-7.289258],[112.676767,-7.289153],[112.677069,-7.288904],[112.677152,-7.288598],[112.677222,-7.288503],[112.677283,-7.288055],[112.677243,-7.287805],[112.677171,-7.287731],[112.67635,-7.287346],[112.675218,-7.286907],[112.674765,-7.28677],[112.674294,-7.286972],[112.673952,-7.286042],[112.673917,-7.285871],[112.673927,-7.285514],[112.673826,-7.285145],[112.673958,-7.284094],[112.674085,-7.284113],[112.674145,-7.28365],[112.673418,-7.283545],[112.673525,-7.282765],[112.673715,-7.282675],[112.674038,-7.282722],[112.674026,-7.282838]]]]}},{"type":"Feature","id":"35.78.18","properties":{"name":"LAKARSANTRI","code":"35.78.18","area":18.72,"legalBasis":"Peraturan Walikota Surabaya Nomor 39 Tahun 2024"},"geometry":{"type":"MultiPolygon","coordinates":[[[[112.647728,-7.288422],[112.648338,-7.291532],[112.649028,-7.291409],[112.649244,-7.292465],[112.649666,-7.292388],[112.649602,-7.291954],[112.649693,-7.291769],[112.650288,-7.291654],[112.650214,-7.29127],[112.650687,-7.291171],[112.650444,-7.289891],[112.65505,-7.290012],[112.654645,-7.291754],[112.655282,-7.291906],[112.655354,-7.291647],[112.655482,-7.291675],[112.654853,-7.294735],[112.656595,-7.295118],[112.657827,-7.295249],[112.657854,-7.295149],[112.658958,-7.295331],[112.659516,-7.295463],[112.659811,-7.295598],[112.661742,-7.296083],[112.661946,-7.295151],[112.662172,-7.294343],[112.662128,-7.294321],[112.662197,-7.294116],[112.662308,-7.293337],[112.662355,-7.293387],[112.662787,-7.293552],[112.662849,-7.294292],[112.663374,-7.294449],[112.663374,-7.294533],[112.663441,-7.294645],[112.663996,-7.294863],[112.664496,-7.294292],[112.664647,-7.293904],[112.664436,-7.293824],[112.664412,-7.293728],[112.664456,-7.293677],[112.664566,-7.293663],[112.664595,-7.293604],[112.664613,-7.293505],[112.66457,-7.293498],[112.66475,-7.292339],[112.668014,-7.292853],[112.668119,-7.292336],[112.668117,-7.29193],[112.67171,-7.292522],[112.671502,-7.293742],[112.672502,-7.29391],[112.669275,-7.297208],[112.668709,-7.297703],[112.6687,-7.298304],[112.675343,-7.298319],[112.675342,-7.299865],[112.675422,-7.300488],[112.674936,-7.300216],[112.674879,-7.300234],[112.674477,-7.300975],[112.674074,-7.301961],[112.674101,-7.302505],[112.67388,-7.302868],[112.674007,-7.30314],[112.673986,-7.303179],[112.673783,-7.303173],[112.67363,-7.303354],[112.673692,-7.303472],[112.673725,-7.304036],[112.673821,-7.304282],[112.673888,-7.305018],[112.674227,-7.305032],[112.674311,-7.306947],[112.673991,-7.308762],[112.674012,-7.308961],[112.672782,-7.31423],[112.672563,-7.31498],[112.672212,-7.315949],[112.671683,-7.316796],[112.671746,-7.316844],[112.671652,-7.317066],[112.671588,-7.31758],[112.672385,-7.317635],[112.67396,-7.317901],[112.674093,-7.317439],[112.674639,-7.317309],[112.675081,-7.317312],[112.675702,-7.317552],[112.675499,-7.318288],[112.67654,-7.318553],[112.677661,-7.318967],[112.680083,-7.319582],[112.681939,-7.319933],[112.680853,-7.324305],[112.680399,-7.325472],[112.680388,-7.325642],[112.680233,-7.326119],[112.680137,-7.32627],[112.679889,-7.326968],[112.67974,-7.326985],[112.679511,-7.32766],[112.679549,-7.327825],[112.679462,-7.328102],[112.679257,-7.328607],[112.679102,-7.328644],[112.679039,-7.328851],[112.679133,-7.32917],[112.679015,-7.329771],[112.678954,-7.329847],[112.678933,-7.329996],[112.678602,-7.330067],[112.678168,-7.330233],[112.677983,-7.330246],[112.677866,-7.33016],[112.677887,-7.329862],[112.677855,-7.329824],[112.677374,-7.329711],[112.67699,-7.329668],[112.676644,-7.329568],[112.676577,-7.329582],[112.676444,-7.329663],[112.676392,-7.329811],[112.676308,-7.329912],[112.676101,-7.329976],[112.675997,-7.329969],[112.675856,-7.330371],[112.675688,-7.330681],[112.674877,-7.33262],[112.675942,-7.332907],[112.675769,-7.333726],[112.675396,-7.33488],[112.675249,-7.335566],[112.673649,-7.335507],[112.670301,-7.335524],[112.670215,-7.335444],[112.66972,-7.335492],[112.66938,-7.335478],[112.668475,-7.335361],[112.668055,-7.335151],[112.668073,-7.335063],[112.667441,-7.334935],[112.667143,-7.334716],[112.667093,-7.334589],[112.666945,-7.334516],[112.666907,-7.334171],[112.666478,-7.33309],[112.666477,-7.332637],[112.66626,-7.332353],[112.666043,-7.332169],[112.666068,-7.331796],[112.66596,-7.331774],[112.666069,-7.331418],[112.666064,-7.331298],[112.666133,-7.331164],[112.666056,-7.331123],[112.666087,-7.330936],[112.665947,-7.330944],[112.666134,-7.330355],[112.665599,-7.330447],[112.66509,-7.330335],[112.665115,-7.330127],[112.66506,-7.330031],[112.664778,-7.329863],[112.664737,-7.329799],[112.664547,-7.329848],[112.664363,-7.330083],[112.664262,-7.330039],[112.664196,-7.329849],[112.663886,-7.32954],[112.663705,-7.32953],[112.663657,-7.329642],[112.663283,-7.32966],[112.66288,-7.329577],[112.661234,-7.329648],[112.660809,-7.32973],[112.660338,-7.330002],[112.66003,-7.330048],[112.659731,-7.330204],[112.659529,-7.330247],[112.659331,-7.330343],[112.659191,-7.33035],[112.659136,-7.330236],[112.659013,-7.330216],[112.658815,-7.330289],[112.658427,-7.330164],[112.658329,-7.330506],[112.658174,-7.330853],[112.658054,-7.330979],[112.657913,-7.331046],[112.657805,-7.331055],[112.657695,-7.331003],[112.657755,-7.330505],[112.65695,-7.330676],[112.65649,-7.330866],[112.656466,-7.330937],[112.656304,-7.330993],[112.655852,-7.331395],[112.655311,-7.33146],[112.655338,-7.331945],[112.655374,-7.332],[112.655299,-7.332141],[112.655142,-7.332143],[112.655094,-7.332083],[112.654868,-7.332006],[112.654456,-7.332071],[112.654499,-7.333001],[112.654641,-7.333042],[112.654159,-7.333876],[112.654129,-7.334005],[112.653759,-7.333981],[112.653533,-7.333899],[112.653428,-7.333966],[112.65351,-7.334055],[112.653505,-7.334116],[112.652206,-7.334157],[112.652146,-7.334349],[112.651518,-7.334122],[112.651215,-7.333965],[112.650321,-7.333966],[112.650207,-7.333522],[112.649158,-7.333541],[112.648229,-7.333491],[112.648186,-7.333468],[112.648362,-7.332706],[112.648394,-7.332247],[112.648467,-7.332186],[112.648661,-7.332127],[112.648967,-7.332096],[112.6491,-7.330261],[112.64928,-7.330281],[112.649327,-7.330032],[112.649468,-7.329801],[112.649524,-7.329826],[112.649557,-7.329758],[112.649591,-7.329658],[112.649531,-7.329497],[112.649606,-7.329329],[112.64956,-7.329294],[112.649627,-7.329146],[112.64972,-7.329106],[112.649769,-7.32916],[112.649803,-7.329081],[112.649753,-7.329006],[112.649775,-7.328857],[112.649743,-7.328713],[112.649877,-7.328159],[112.650056,-7.327788],[112.650183,-7.327687],[112.650471,-7.327679],[112.650504,-7.3274],[112.650326,-7.327359],[112.650369,-7.32717],[112.650295,-7.327152],[112.650374,-7.326784],[112.650194,-7.326748],[112.650235,-7.32655],[112.650104,-7.326516],[112.650041,-7.3262],[112.650173,-7.325938],[112.650191,-7.325659],[112.650268,-7.325468],[112.650244,-7.325312],[112.650538,-7.325228],[112.650888,-7.325282],[112.650988,-7.325166],[112.650957,-7.32504],[112.650967,-7.324598],[112.650819,-7.324227],[112.650546,-7.32411],[112.650645,-7.32336],[112.650904,-7.323418],[112.650946,-7.323128],[112.650974,-7.32285],[112.65073,-7.322819],[112.650885,-7.321449],[112.650764,-7.321348],[112.650597,-7.320946],[112.650229,-7.320643],[112.650095,-7.320164],[112.64999,-7.320097],[112.649733,-7.320048],[112.649603,-7.319929],[112.649509,-7.319799],[112.649483,-7.319656],[112.649343,-7.319509],[112.649054,-7.319439],[112.648978,-7.319347],[112.648456,-7.319263],[112.648343,-7.319127],[112.648307,-7.318995],[112.648692,-7.317352],[112.649237,-7.314559],[112.648488,-7.314459],[112.647271,-7.314197],[112.6467,-7.314128],[112.645507,-7.314074],[112.644735,-7.314099],[112.643963,-7.313973],[112.64253,-7.313594],[112.641817,-7.31347],[112.641345,-7.313222],[112.641108,-7.313271],[112.640985,-7.31336],[112.640742,-7.31368],[112.640509,-7.313725],[112.639768,-7.313452],[112.639264,-7.313536],[112.639025,-7.313481],[112.638897,-7.313408],[112.638623,-7.312989],[112.638376,-7.312844],[112.638203,-7.312814],[112.637822,-7.312848],[112.637648,-7.312885],[112.637163,-7.313097],[112.636792,-7.313062],[112.636466,-7.312876],[112.636255,-7.312808],[112.634619,-7.312882],[112.634566,-7.312964],[112.634415,-7.313032],[112.633965,-7.313012],[112.633767,-7.31311],[112.633521,-7.313486],[112.633355,-7.31359],[112.633154,-7.313558],[112.632974,-7.313426],[112.632875,-7.313408],[112.632565,-7.31347],[112.632236,-7.313619],[112.631886,-7.313657],[112.631775,-7.313473],[112.631434,-7.313359],[112.631353,-7.314004],[112.631238,-7.314037],[112.631344,-7.313287],[112.631038,-7.31313],[112.631069,-7.314096],[112.630972,-7.314141],[112.630945,-7.313127],[112.630723,-7.313143],[112.630604,-7.314309],[112.630523,-7.314372],[112.630667,-7.313143],[112.630487,-7.313069],[112.630321,-7.314498],[112.630081,-7.314614],[112.630247,-7.31302],[112.629762,-7.313018],[112.6294,-7.307795],[112.629297,-7.307745],[112.629197,-7.307216],[112.629119,-7.306204],[112.628962,-7.30514],[112.628954,-7.303165],[112.628798,-7.303024],[112.628825,-7.302255],[112.628762,-7.30209],[112.628798,-7.301434],[112.628747,-7.301254],[112.628533,-7.300891],[112.628336,-7.300797],[112.628334,-7.300219],[112.628205,-7.29985],[112.628268,-7.29952],[112.628232,-7.299501],[112.628232,-7.298912],[112.627886,-7.298801],[112.627866,-7.298858],[112.627305,-7.298653],[112.628087,-7.295751],[112.628167,-7.295255],[112.628061,-7.295221],[112.628254,-7.293684],[112.628236,-7.2929],[112.628121,-7.292757],[112.627985,-7.292672],[112.627877,-7.29248],[112.627881,-7.292332],[112.627958,-7.292157],[112.627906,-7.291784],[112.627914,-7.291329],[112.62781,-7.290854],[112.627804,-7.290579],[112.627653,-7.290292],[112.62758,-7.290281],[112.627643,-7.290207],[112.628022,-7.29013],[112.628363,-7.289959],[112.628697,-7.289847],[112.629453,-7.288993],[112.629583,-7.2889],[112.629897,-7.28881],[112.630906,-7.289013],[112.632068,-7.289332],[112.632966,-7.28962],[112.634054,-7.29009],[112.63457,-7.290149],[112.635552,-7.29015],[112.635937,-7.290076],[112.636243,-7.289959],[112.637692,-7.288877],[112.638001,-7.288728],[112.638259,-7.288671],[112.640014,-7.288658],[112.640879,-7.288528],[112.641819,-7.288666],[112.643089,-7.288623],[112.645058,-7.288931],[112.64537,-7.288901],[112.647728,-7.288422]]]]}},{"type":"Feature","id":"35.78.19","properties":{"name":"BENOWO","code":"35.78.19","area":29.64,"legalBasis":"Peraturan Walikota Surabaya Nomor 121 Tahun 2022"},"geometry":{"type":"MultiPolygon","coordinates":[[[[112.661902,-7.193133],[112.663213,-7.193248],[112.663216,-7.193452],[112.663584,-7.193541],[112.663806,-7.193654],[112.663973,-7.193817],[112.664072,-7.19403],[112.664117,-7.194466],[112.663847,-7.195472],[112.663839,-7.195986],[112.663887,-7.196334],[112.664091,-7.19715],[112.664319,-7.197688],[112.664884,-7.198305],[112.66523,-7.198772],[112.665345,-7.198762],[112.665404,-7.198825],[112.66538,-7.199262],[112.665229,-7.199563],[112.665354,-7.199515],[112.665528,-7.199015],[112.66564,-7.199003],[112.665765,-7.199081],[112.665867,-7.199245],[112.665872,-7.199338],[112.665848,-7.199412],[112.665764,-7.199437],[112.665679,-7.199567],[112.665567,-7.199583],[112.66532,-7.199832],[112.665023,-7.200255],[112.665017,-7.200325],[112.664874,-7.200472],[112.664768,-7.200538],[112.664617,-7.200426],[112.664513,-7.200463],[112.664477,-7.200723],[112.664538,-7.200887],[112.664494,-7.200995],[112.664073,-7.201115],[112.663974,-7.201174],[112.663919,-7.201315],[112.663726,-7.201421],[112.663009,-7.201644],[112.662788,-7.201905],[112.662641,-7.201897],[112.66249,-7.201789],[112.66229,-7.201797],[112.662099,-7.201602],[112.662072,-7.201728],[112.662559,-7.202068],[112.662701,-7.202247],[112.662755,-7.202748],[112.6627,-7.203399],[112.662635,-7.203488],[112.661899,-7.204038],[112.661479,-7.204004],[112.661389,-7.204042],[112.661414,-7.204118],[112.661299,-7.204559],[112.661421,-7.204888],[112.661332,-7.205094],[112.661365,-7.205208],[112.661265,-7.2053],[112.661049,-7.205282],[112.660839,-7.205331],[112.660785,-7.205458],[112.660473,-7.205633],[112.660414,-7.20579],[112.660268,-7.205988],[112.660233,-7.206126],[112.660269,-7.2062],[112.660182,-7.206419],[112.66022,-7.206488],[112.660198,-7.206658],[112.660063,-7.207059],[112.660066,-7.207373],[112.66003,-7.207473],[112.660101,-7.207623],[112.66004,-7.207789],[112.660152,-7.207816],[112.660176,-7.207885],[112.660433,-7.207871],[112.660459,-7.207736],[112.660527,-7.207755],[112.660666,-7.207634],[112.660825,-7.207627],[112.660741,-7.207505],[112.660869,-7.20739],[112.66116,-7.207468],[112.661397,-7.207295],[112.661457,-7.207288],[112.661758,-7.207502],[112.661964,-7.20751],[112.662146,-7.207433],[112.662366,-7.207252],[112.662571,-7.207189],[112.662937,-7.207344],[112.663094,-7.207524],[112.662977,-7.207652],[112.663009,-7.207776],[112.662924,-7.207865],[112.662929,-7.207962],[112.663177,-7.207712],[112.66324,-7.207697],[112.663306,-7.207736],[112.663667,-7.207336],[112.663797,-7.207253],[112.664088,-7.207177],[112.664157,-7.20721],[112.6642,-7.207286],[112.664187,-7.207367],[112.664019,-7.207567],[112.663913,-7.207768],[112.663722,-7.207974],[112.663822,-7.208108],[112.663901,-7.208329],[112.663915,-7.208131],[112.664004,-7.208039],[112.664198,-7.208161],[112.664167,-7.208308],[112.66384,-7.208605],[112.663864,-7.208633],[112.66382,-7.208679],[112.663743,-7.208674],[112.663577,-7.208778],[112.663552,-7.208903],[112.663277,-7.209156],[112.663259,-7.209232],[112.663206,-7.209248],[112.663152,-7.209338],[112.662995,-7.209431],[112.662911,-7.209613],[112.662692,-7.209853],[112.662804,-7.20997],[112.662866,-7.209936],[112.66295,-7.210105],[112.66303,-7.210138],[112.66297,-7.210306],[112.663142,-7.210204],[112.663232,-7.210232],[112.663281,-7.210217],[112.663285,-7.210188],[112.663246,-7.21019],[112.663265,-7.210165],[112.663334,-7.210183],[112.663319,-7.210362],[112.66339,-7.210461],[112.663386,-7.210521],[112.663339,-7.210537],[112.663354,-7.210576],[112.66342,-7.210558],[112.663421,-7.210648],[112.663507,-7.210778],[112.66364,-7.210884],[112.663656,-7.21117],[112.66374,-7.211188],[112.663765,-7.211235],[112.663671,-7.211363],[112.663723,-7.211459],[112.663721,-7.211551],[112.663821,-7.211564],[112.66386,-7.2117],[112.663672,-7.211727],[112.663652,-7.211766],[112.663748,-7.211818],[112.663704,-7.211937],[112.663853,-7.211957],[112.663844,-7.212118],[112.663931,-7.212204],[112.6639,-7.212305],[112.663967,-7.212487],[112.664125,-7.212585],[112.664223,-7.212524],[112.664375,-7.212536],[112.664408,-7.212625],[112.664358,-7.212706],[112.664395,-7.212768],[112.664456,-7.212718],[112.66458,-7.212751],[112.664582,-7.212832],[112.664502,-7.212939],[112.664633,-7.213078],[112.66468,-7.213348],[112.664755,-7.213304],[112.664793,-7.213334],[112.664758,-7.213546],[112.665003,-7.213576],[112.665024,-7.213655],[112.66512,-7.213692],[112.6651,-7.213735],[112.665008,-7.213717],[112.665001,-7.213755],[112.665202,-7.213858],[112.66522,-7.214017],[112.665333,-7.214209],[112.665402,-7.214274],[112.665476,-7.214271],[112.665521,-7.214341],[112.665571,-7.21447],[112.665528,-7.214621],[112.665608,-7.214667],[112.665693,-7.215036],[112.665671,-7.215145],[112.665744,-7.215273],[112.665809,-7.215337],[112.665923,-7.215349],[112.666041,-7.21545],[112.666054,-7.215562],[112.666162,-7.215615],[112.666352,-7.215837],[112.666485,-7.215916],[112.666679,-7.215985],[112.66687,-7.215953],[112.667023,-7.216024],[112.667786,-7.216749],[112.668417,-7.21762],[112.669009,-7.218552],[112.669054,-7.218561],[112.669113,-7.218287],[112.669187,-7.218283],[112.669201,-7.218355],[112.669286,-7.218397],[112.66944,-7.218199],[112.669615,-7.218101],[112.669709,-7.218177],[112.669741,-7.218125],[112.66984,-7.218131],[112.669845,-7.218189],[112.669961,-7.218254],[112.66997,-7.218355],[112.669967,-7.218432],[112.669001,-7.219616],[112.668207,-7.220269],[112.667836,-7.220485],[112.667602,-7.220854],[112.66728,-7.221611],[112.667047,-7.221934],[112.666762,-7.222268],[112.666293,-7.22261],[112.665802,-7.222793],[112.665448,-7.222833],[112.665162,-7.222707],[112.664833,-7.222366],[112.664576,-7.2222],[112.664348,-7.222169],[112.664104,-7.222314],[112.663921,-7.22263],[112.663719,-7.223141],[112.663723,-7.223413],[112.663783,-7.223566],[112.664045,-7.223845],[112.664137,-7.224185],[112.664076,-7.224548],[112.663962,-7.224802],[112.663604,-7.224993],[112.66361,-7.225397],[112.663757,-7.226286],[112.663645,-7.227076],[112.66347,-7.227666],[112.663336,-7.227802],[112.662982,-7.227964],[112.662407,-7.227956],[112.662175,-7.228],[112.661568,-7.228306],[112.66141,-7.228498],[112.661313,-7.228807],[112.661203,-7.229504],[112.661257,-7.229745],[112.661484,-7.23023],[112.661659,-7.230462],[112.662393,-7.23106],[112.662632,-7.231657],[112.662588,-7.231985],[112.66265,-7.232597],[112.662605,-7.23281],[112.662249,-7.233518],[112.662309,-7.233744],[112.662513,-7.233971],[112.662741,-7.234111],[112.662843,-7.234245],[112.662928,-7.234699],[112.662912,-7.234857],[112.662793,-7.235061],[112.662525,-7.235966],[112.662415,-7.236024],[112.662236,-7.236024],[112.661538,-7.235793],[112.661188,-7.235741],[112.660917,-7.235773],[112.660515,-7.235918],[112.660403,-7.236046],[112.660301,-7.236395],[112.660338,-7.236515],[112.660713,-7.236884],[112.660785,-7.237013],[112.660815,-7.237403],[112.66078,-7.237499],[112.660686,-7.237559],[112.660599,-7.237544],[112.660269,-7.23724],[112.660165,-7.237207],[112.66005,-7.237212],[112.659831,-7.237378],[112.659626,-7.237723],[112.659249,-7.238196],[112.659242,-7.238313],[112.659381,-7.23898],[112.659322,-7.239224],[112.659263,-7.239289],[112.659057,-7.239326],[112.658764,-7.239214],[112.658417,-7.239182],[112.658111,-7.238796],[112.657862,-7.238751],[112.657744,-7.238783],[112.655033,-7.240977],[112.654818,-7.241186],[112.654519,-7.241821],[112.65447,-7.242302],[112.654525,-7.243022],[112.655041,-7.247591],[112.654892,-7.247571],[112.654854,-7.247608],[112.654369,-7.248836],[112.654332,-7.249114],[112.654483,-7.249408],[112.654527,-7.249869],[112.654094,-7.249716],[112.654002,-7.249979],[112.653942,-7.250397],[112.654047,-7.251017],[112.65481,-7.251072],[112.654779,-7.251571],[112.655215,-7.251611],[112.65479,-7.253033],[112.654778,-7.253235],[112.654577,-7.254016],[112.654745,-7.254046],[112.654703,-7.254224],[112.654786,-7.254231],[112.654745,-7.254669],[112.654772,-7.254776],[112.654821,-7.254785],[112.654783,-7.255114],[112.65486,-7.255479],[112.655177,-7.255425],[112.655358,-7.255244],[112.655402,-7.255121],[112.655457,-7.25516],[112.655541,-7.255035],[112.655733,-7.255053],[112.655971,-7.255162],[112.656044,-7.254984],[112.656184,-7.254981],[112.657039,-7.25533],[112.656951,-7.255523],[112.657121,-7.255606],[112.657494,-7.255702],[112.657937,-7.255925],[112.658167,-7.255974],[112.658429,-7.255684],[112.658851,-7.255877],[112.659167,-7.25591],[112.65939,-7.256028],[112.659613,-7.256041],[112.660007,-7.256142],[112.6598,-7.257611],[112.659574,-7.258645],[112.659545,-7.259013],[112.659459,-7.259266],[112.659634,-7.259318],[112.659557,-7.259676],[112.659852,-7.259747],[112.659804,-7.259961],[112.659901,-7.260027],[112.65982,-7.260393],[112.659393,-7.260313],[112.659262,-7.26038],[112.659142,-7.260374],[112.659105,-7.260485],[112.658987,-7.260587],[112.658947,-7.260696],[112.658918,-7.26069],[112.658852,-7.260888],[112.658947,-7.261298],[112.65956,-7.261401],[112.659364,-7.262273],[112.659638,-7.2623],[112.659585,-7.26255],[112.659633,-7.262857],[112.659245,-7.262875],[112.65918,-7.26279],[112.659035,-7.262809],[112.659044,-7.262843],[112.658972,-7.262864],[112.658937,-7.262762],[112.65879,-7.262813],[112.658811,-7.262878],[112.658602,-7.262933],[112.658604,-7.262826],[112.657999,-7.263094],[112.658001,-7.263156],[112.657762,-7.263174],[112.657678,-7.263224],[112.65759,-7.263216],[112.657596,-7.26317],[112.656778,-7.263101],[112.656683,-7.263526],[112.656477,-7.263446],[112.656338,-7.263812],[112.65653,-7.263852],[112.656111,-7.264162],[112.656098,-7.264241],[112.655534,-7.264134],[112.655477,-7.264454],[112.655439,-7.264447],[112.655328,-7.264654],[112.655309,-7.264713],[112.655338,-7.264727],[112.655236,-7.264804],[112.655186,-7.26479],[112.655091,-7.264897],[112.65497,-7.26488],[112.654976,-7.265099],[112.654889,-7.265471],[112.654267,-7.265236],[112.653668,-7.265116],[112.651993,-7.264404],[112.651872,-7.264098],[112.651529,-7.264006],[112.651501,-7.263958],[112.651523,-7.263715],[112.651502,-7.263658],[112.651387,-7.263607],[112.65136,-7.263535],[112.651346,-7.263257],[112.651566,-7.262846],[112.651553,-7.262659],[112.651883,-7.262002],[112.651965,-7.261797],[112.651987,-7.261617],[112.652167,-7.261645],[112.652304,-7.261591],[112.652355,-7.261366],[112.65233,-7.261157],[112.652457,-7.260899],[112.652504,-7.260374],[112.652321,-7.260132],[112.652297,-7.259984],[112.652387,-7.259819],[112.652729,-7.259563],[112.652595,-7.259466],[112.652465,-7.259166],[112.652472,-7.258951],[112.652575,-7.258757],[112.652581,-7.258611],[112.652565,-7.258386],[112.652469,-7.25821],[112.652353,-7.258267],[112.652081,-7.258303],[112.651695,-7.258573],[112.6514,-7.258522],[112.650984,-7.258324],[112.650889,-7.257996],[112.650798,-7.258065],[112.649849,-7.258282],[112.649788,-7.258511],[112.64953,-7.258443],[112.649514,-7.258503],[112.649366,-7.258475],[112.649012,-7.258502],[112.648239,-7.258352],[112.647686,-7.25838],[112.647106,-7.258307],[112.646679,-7.258137],[112.646485,-7.258129],[112.645948,-7.259635],[112.645255,-7.259413],[112.644986,-7.260082],[112.644824,-7.260046],[112.644748,-7.260057],[112.64473,-7.260104],[112.644174,-7.259971],[112.642963,-7.25959],[112.642376,-7.259508],[112.642047,-7.259587],[112.641227,-7.259463],[112.641223,-7.259247],[112.64094,-7.259168],[112.640926,-7.259259],[112.640271,-7.259105],[112.640258,-7.25917],[112.639499,-7.258934],[112.63953,-7.258812],[112.63891,-7.258641],[112.638817,-7.258958],[112.638636,-7.259015],[112.638485,-7.259177],[112.638061,-7.259158],[112.637959,-7.259532],[112.637749,-7.259869],[112.637338,-7.259961],[112.63723,-7.260439],[112.636991,-7.261099],[112.636868,-7.26122],[112.63682,-7.261566],[112.636853,-7.261638],[112.636744,-7.262089],[112.63666,-7.262046],[112.636496,-7.262943],[112.636483,-7.263239],[112.636389,-7.263499],[112.636219,-7.263482],[112.636122,-7.263529],[112.635911,-7.263674],[112.635731,-7.263845],[112.635688,-7.263939],[112.635305,-7.263906],[112.635259,-7.264036],[112.634991,-7.263992],[112.634831,-7.264022],[112.634547,-7.263998],[112.634016,-7.263915],[112.633994,-7.264035],[112.633236,-7.263946],[112.6331,-7.263947],[112.633102,-7.264019],[112.633043,-7.26403],[112.632902,-7.263836],[112.632885,-7.26354],[112.632495,-7.263483],[112.632366,-7.263393],[112.632079,-7.263346],[112.632035,-7.263234],[112.631696,-7.263103],[112.63168,-7.262957],[112.631562,-7.262859],[112.631058,-7.262771],[112.631092,-7.262675],[112.631056,-7.262217],[112.631144,-7.261738],[112.631326,-7.261779],[112.631471,-7.261121],[112.631471,-7.261042],[112.631303,-7.260998],[112.631287,-7.260794],[112.631052,-7.260689],[112.631122,-7.260253],[112.631418,-7.26044],[112.631635,-7.259842],[112.631779,-7.259759],[112.632007,-7.259706],[112.632019,-7.259586],[112.632436,-7.259011],[112.632188,-7.258566],[112.632063,-7.258231],[112.630639,-7.254297],[112.630515,-7.253863],[112.630517,-7.253752],[112.63063,-7.253346],[112.631405,-7.251671],[112.631262,-7.251603],[112.631812,-7.250427],[112.632234,-7.249806],[112.632444,-7.24957],[112.632784,-7.249288],[112.633175,-7.249039],[112.632662,-7.248826],[112.632971,-7.247756],[112.632628,-7.24773],[112.632704,-7.246487],[112.632786,-7.246143],[112.632915,-7.245997],[112.633105,-7.245917],[112.632818,-7.24554],[112.632889,-7.245279],[112.632625,-7.245067],[112.63281,-7.244654],[112.633064,-7.244665],[112.633096,-7.244587],[112.633175,-7.244618],[112.633453,-7.244062],[112.631735,-7.24316],[112.632233,-7.242124],[112.632593,-7.241711],[112.632891,-7.241181],[112.633023,-7.24079],[112.633589,-7.23951],[112.632593,-7.238707],[112.632424,-7.238655],[112.632423,-7.238459],[112.632294,-7.238276],[112.632605,-7.237339],[112.632831,-7.236039],[112.63336,-7.235212],[112.633448,-7.234837],[112.633069,-7.234725],[112.633566,-7.233929],[112.633628,-7.233728],[112.633387,-7.232583],[112.633411,-7.231838],[112.633713,-7.231182],[112.633855,-7.230761],[112.633952,-7.229809],[112.634114,-7.229184],[112.634278,-7.228792],[112.634375,-7.228305],[112.634343,-7.228157],[112.63425,-7.228028],[112.634305,-7.227767],[112.634359,-7.227713],[112.63445,-7.227393],[112.634505,-7.226854],[112.634772,-7.226435],[112.634893,-7.226105],[112.635008,-7.225763],[112.635212,-7.224859],[112.63516,-7.224785],[112.634676,-7.224465],[112.634342,-7.224153],[112.634092,-7.224015],[112.633853,-7.223739],[112.633964,-7.223138],[112.633872,-7.222161],[112.633966,-7.221793],[112.634179,-7.221385],[112.634462,-7.221254],[112.634949,-7.220655],[112.634917,-7.220557],[112.634638,-7.220584],[112.63391,-7.220338],[112.633644,-7.221036],[112.633464,-7.221337],[112.633025,-7.22168],[112.632744,-7.22183],[112.632525,-7.221735],[112.632489,-7.221667],[112.632306,-7.221638],[112.632183,-7.221566],[112.631862,-7.221513],[112.631233,-7.221492],[112.631068,-7.221382],[112.630711,-7.221263],[112.630421,-7.221309],[112.630168,-7.22143],[112.63003,-7.221565],[112.629919,-7.221616],[112.629582,-7.221994],[112.629461,-7.222434],[112.629567,-7.222724],[112.629434,-7.22332],[112.628395,-7.222832],[112.628344,-7.222841],[112.628155,-7.222997],[112.62805,-7.223174],[112.627685,-7.224044],[112.626924,-7.223893],[112.626893,-7.223613],[112.627309,-7.22268],[112.627353,-7.222335],[112.627233,-7.221886],[112.627109,-7.22115],[112.627059,-7.220063],[112.626692,-7.219846],[112.626486,-7.219631],[112.626144,-7.219479],[112.626126,-7.219232],[112.626235,-7.218012],[112.626347,-7.217226],[112.626686,-7.21691],[112.626895,-7.21658],[112.627398,-7.215357],[112.627444,-7.214965],[112.627709,-7.214576],[112.627849,-7.214159],[112.628129,-7.213636],[112.62815,-7.21333],[112.628094,-7.213203],[112.62806,-7.212292],[112.627999,-7.212053],[112.627514,-7.211999],[112.627184,-7.212076],[112.626782,-7.21207],[112.626535,-7.211983],[112.626246,-7.211806],[112.625906,-7.21168],[112.625538,-7.211476],[112.625496,-7.210999],[112.625371,-7.21097],[112.625275,-7.210197],[112.625256,-7.209416],[112.625329,-7.209233],[112.625005,-7.208718],[112.624712,-7.208426],[112.624568,-7.20812],[112.624493,-7.207731],[112.624328,-7.207552],[112.624777,-7.207062],[112.624884,-7.206873],[112.625077,-7.206277],[112.625229,-7.206136],[112.625314,-7.20594],[112.625355,-7.205635],[112.625355,-7.205142],[112.625608,-7.204307],[112.625831,-7.203312],[112.625738,-7.203265],[112.625713,-7.203181],[112.625845,-7.202851],[112.625728,-7.201561],[112.625508,-7.201167],[112.625079,-7.200907],[112.624696,-7.200751],[112.624133,-7.200738],[112.624037,-7.200788],[112.623486,-7.201351],[112.622932,-7.201812],[112.622684,-7.201914],[112.622483,-7.201934],[112.622071,-7.201871],[112.621714,-7.20173],[112.621544,-7.201469],[112.621566,-7.201203],[112.621529,-7.201013],[112.622367,-7.200395],[112.623878,-7.198994],[112.624529,-7.198211],[112.62515,-7.19733],[112.62568,-7.196921],[112.626725,-7.196347],[112.627291,-7.196096],[112.629322,-7.195383],[112.629901,-7.195204],[112.630456,-7.19509],[112.631007,-7.195011],[112.631851,-7.195008],[112.63344,-7.195143],[112.634801,-7.194973],[112.635845,-7.194547],[112.639208,-7.19271],[112.639642,-7.192546],[112.640061,-7.192451],[112.640386,-7.192446],[112.641152,-7.192563],[112.641871,-7.192762],[112.642542,-7.193115],[112.643228,-7.193587],[112.644346,-7.194187],[112.645266,-7.194614],[112.646056,-7.194885],[112.64691,-7.195117],[112.647586,-7.195247],[112.647941,-7.195254],[112.648314,-7.195177],[112.649968,-7.194709],[112.651074,-7.194459],[112.653681,-7.194031],[112.655141,-7.193845],[112.657079,-7.193686],[112.659797,-7.193135],[112.660217,-7.193083],[112.661139,-7.193083],[112.661902,-7.193133]]],[[[112.677249,-7.190232],[112.677303,-7.190202],[112.678566,-7.191371],[112.678692,-7.191531],[112.679161,-7.191917],[112.679264,-7.19195],[112.679378,-7.192096],[112.679465,-7.192156],[112.679584,-7.192165],[112.679762,-7.192025],[112.680057,-7.192246],[112.680037,-7.192278],[112.680191,-7.192434],[112.680059,-7.19257],[112.680049,-7.192669],[112.680253,-7.192917],[112.680331,-7.192906],[112.680348,-7.193],[112.680507,-7.193032],[112.680497,-7.193104],[112.680552,-7.193111],[112.680621,-7.193206],[112.680835,-7.193257],[112.680939,-7.193239],[112.680935,-7.193279],[112.680982,-7.193296],[112.680966,-7.193342],[112.681109,-7.193375],[112.68105,-7.193506],[112.681175,-7.193395],[112.681371,-7.19345],[112.681498,-7.193739],[112.681556,-7.193769],[112.681603,-7.193877],[112.681673,-7.19389],[112.681677,-7.19397],[112.681739,-7.193962],[112.681715,-7.194017],[112.681759,-7.194028],[112.681776,-7.194129],[112.681823,-7.194127],[112.681863,-7.194184],[112.681835,-7.194204],[112.681899,-7.194233],[112.681834,-7.194281],[112.681831,-7.194364],[112.681899,-7.194348],[112.681959,-7.194494],[112.682092,-7.19462],[112.682141,-7.194606],[112.682151,-7.194693],[112.682226,-7.1947],[112.682274,-7.194804],[112.682368,-7.194784],[112.682525,-7.195006],[112.682677,-7.19508],[112.682737,-7.195199],[112.682936,-7.195338],[112.682971,-7.195405],[112.682972,-7.195501],[112.682931,-7.195541],[112.682959,-7.195592],[112.683127,-7.195604],[112.683174,-7.195673],[112.683156,-7.195741],[112.683259,-7.195762],[112.683434,-7.195918],[112.683636,-7.195949],[112.683588,-7.19603],[112.683656,-7.196068],[112.683719,-7.196296],[112.684039,-7.196742],[112.688915,-7.201414],[112.688957,-7.201514],[112.684826,-7.205807],[112.680261,-7.20136],[112.680203,-7.20136],[112.679826,-7.201152],[112.679647,-7.201006],[112.679489,-7.201059],[112.679226,-7.201024],[112.678722,-7.200669],[112.678584,-7.200489],[112.678446,-7.200103],[112.678446,-7.199924],[112.678326,-7.199627],[112.678176,-7.199395],[112.678185,-7.199348],[112.677954,-7.199206],[112.677907,-7.199136],[112.67793,-7.199096],[112.67743,-7.198608],[112.677352,-7.198593],[112.677288,-7.198485],[112.677104,-7.19839],[112.67707,-7.198333],[112.676985,-7.198376],[112.676833,-7.198293],[112.676785,-7.198157],[112.676751,-7.198154],[112.676759,-7.19809],[112.675901,-7.198939],[112.675546,-7.199197],[112.675524,-7.199274],[112.675421,-7.199352],[112.675365,-7.199486],[112.675297,-7.199542],[112.675269,-7.199637],[112.675215,-7.199677],[112.675109,-7.199664],[112.675044,-7.199806],[112.674681,-7.199779],[112.674377,-7.199627],[112.674167,-7.19935],[112.674137,-7.199165],[112.674169,-7.198957],[112.674794,-7.198357],[112.674791,-7.198267],[112.674847,-7.198267],[112.674868,-7.198149],[112.675072,-7.198006],[112.675169,-7.197877],[112.675173,-7.197838],[112.675116,-7.197815],[112.675096,-7.197897],[112.67501,-7.197899],[112.674935,-7.197987],[112.674866,-7.19798],[112.674917,-7.198039],[112.67485,-7.198037],[112.674839,-7.198099],[112.674753,-7.198162],[112.674727,-7.198144],[112.674699,-7.198212],[112.67474,-7.198204],[112.674744,-7.198297],[112.674511,-7.198571],[112.674304,-7.198724],[112.674072,-7.198828],[112.673649,-7.199243],[112.672561,-7.200189],[112.669086,-7.203768],[112.670063,-7.204724],[112.669124,-7.205705],[112.668854,-7.20544],[112.668826,-7.205467],[112.668645,-7.205361],[112.668288,-7.205061],[112.668119,-7.204993],[112.66807,-7.204904],[112.668037,-7.204919],[112.667888,-7.204782],[112.667734,-7.204701],[112.667568,-7.204692],[112.66747,-7.204569],[112.667364,-7.204249],[112.667304,-7.203875],[112.667299,-7.202805],[112.667415,-7.202653],[112.667778,-7.202388],[112.667866,-7.202244],[112.667966,-7.202212],[112.668194,-7.202033],[112.668758,-7.201455],[112.668841,-7.201415],[112.668942,-7.201258],[112.669326,-7.200918],[112.670207,-7.200001],[112.670559,-7.200329],[112.670707,-7.200395],[112.670918,-7.200573],[112.671062,-7.200739],[112.671044,-7.200806],[112.671083,-7.200842],[112.671137,-7.200888],[112.671195,-7.200852],[112.672368,-7.199641],[112.672722,-7.199172],[112.67283,-7.199138],[112.672823,-7.19906],[112.672923,-7.198916],[112.673424,-7.19839],[112.67372,-7.19798],[112.673932,-7.197765],[112.674354,-7.197444],[112.674725,-7.197047],[112.67479,-7.197052],[112.674814,-7.197022],[112.674779,-7.196972],[112.676387,-7.195345],[112.676451,-7.195229],[112.676325,-7.195204],[112.676306,-7.195142],[112.67617,-7.195185],[112.675778,-7.195095],[112.675623,-7.194955],[112.675555,-7.194843],[112.675553,-7.194761],[112.67549,-7.194735],[112.675453,-7.194649],[112.675131,-7.194329],[112.675125,-7.194129],[112.675065,-7.194013],[112.675061,-7.193758],[112.675025,-7.193723],[112.675075,-7.193653],[112.675027,-7.193519],[112.675053,-7.193446],[112.674883,-7.193151],[112.674933,-7.1931],[112.674886,-7.19308],[112.674902,-7.192993],[112.674829,-7.19303],[112.674837,-7.192903],[112.674926,-7.192742],[112.67502,-7.192666],[112.675131,-7.191983],[112.675235,-7.191806],[112.675583,-7.191562],[112.675668,-7.191438],[112.67569,-7.191221],[112.675805,-7.19106],[112.675936,-7.191033],[112.676057,-7.190916],[112.676198,-7.190861],[112.676329,-7.190701],[112.676604,-7.190626],[112.677074,-7.190236],[112.67717,-7.190198],[112.677249,-7.190232]]]]}},{"type":"Feature","id":"35.78.14","properties":{"name":"TANDES","code":"35.78.14","area":9.98,"legalBasis":"Telah ditegaskan Tahun 2025 (Berita Acara)"},"geometry":{"type":"MultiPolygon","coordinates":[[[[112.677445,-7.23864],[112.677727,-7.23889],[112.678337,-7.239123],[112.67857,-7.239146],[112.678541,-7.24286],[112.678043,-7.245553],[112.679495,-7.246075],[112.67941,-7.246683],[112.67984,-7.246848],[112.679784,-7.247352],[112.679386,-7.247695],[112.678591,-7.248931],[112.678404,-7.24934],[112.678409,-7.249548],[112.681862,-7.249848],[112.682526,-7.24985],[112.683141,-7.250047],[112.683007,-7.250721],[112.684298,-7.250866],[112.684401,-7.25017],[112.685698,-7.250427],[112.685688,-7.251615],[112.686621,-7.251514],[112.686882,-7.252241],[112.686894,-7.252434],[112.687108,-7.252476],[112.68801,-7.252846],[112.688054,-7.252603],[112.689377,-7.252846],[112.689243,-7.253612],[112.691785,-7.254077],[112.691637,-7.254651],[112.690888,-7.254511],[112.689993,-7.257343],[112.689643,-7.257266],[112.689604,-7.257527],[112.68925,-7.258766],[112.689384,-7.258747],[112.689333,-7.258978],[112.689218,-7.259405],[112.689155,-7.259388],[112.689001,-7.25992],[112.688834,-7.26091],[112.688857,-7.261356],[112.688877,-7.261408],[112.688933,-7.261417],[112.68885,-7.261849],[112.688679,-7.2618],[112.68862,-7.261976],[112.688765,-7.262019],[112.688563,-7.26247],[112.687871,-7.262238],[112.687483,-7.266375],[112.68627,-7.266266],[112.686222,-7.266633],[112.686164,-7.266678],[112.685982,-7.26671],[112.685444,-7.272534],[112.685468,-7.272765],[112.685424,-7.272891],[112.685369,-7.273507],[112.685219,-7.273471],[112.68513,-7.274211],[112.684634,-7.274166],[112.684485,-7.274696],[112.684451,-7.275066],[112.684355,-7.27506],[112.684214,-7.276824],[112.684025,-7.276972],[112.682919,-7.27555],[112.682617,-7.275795],[112.681773,-7.274758],[112.681416,-7.275059],[112.681302,-7.274921],[112.681597,-7.274664],[112.68155,-7.274615],[112.681601,-7.274558],[112.68131,-7.274328],[112.680972,-7.274659],[112.680354,-7.27386],[112.679353,-7.274721],[112.679079,-7.274307],[112.679029,-7.274262],[112.678912,-7.274255],[112.678634,-7.273976],[112.678536,-7.273802],[112.678447,-7.273739],[112.678433,-7.273624],[112.678136,-7.273466],[112.678118,-7.272981],[112.678034,-7.272644],[112.677973,-7.272544],[112.677958,-7.272288],[112.677865,-7.272085],[112.677739,-7.271999],[112.67708,-7.271939],[112.676779,-7.271783],[112.674606,-7.271152],[112.674567,-7.271086],[112.674453,-7.271059],[112.674317,-7.271551],[112.673017,-7.271125],[112.672567,-7.270931],[112.672604,-7.270703],[112.672859,-7.269913],[112.672894,-7.269521],[112.672933,-7.269529],[112.672991,-7.269151],[112.673202,-7.268429],[112.673268,-7.267394],[112.673569,-7.26759],[112.67361,-7.267486],[112.674346,-7.267648],[112.674483,-7.267252],[112.674677,-7.267323],[112.674664,-7.267366],[112.674872,-7.267414],[112.675029,-7.267528],[112.675163,-7.267388],[112.67578,-7.267238],[112.676122,-7.26769],[112.676668,-7.267073],[112.676307,-7.266217],[112.676374,-7.266191],[112.676345,-7.26612],[112.676033,-7.266133],[112.676026,-7.265994],[112.676136,-7.266001],[112.676125,-7.265796],[112.676267,-7.265819],[112.676271,-7.265293],[112.676452,-7.264744],[112.675249,-7.264411],[112.675442,-7.264246],[112.67557,-7.264209],[112.675888,-7.264324],[112.67604,-7.264284],[112.676183,-7.263989],[112.676359,-7.263872],[112.676415,-7.263738],[112.676179,-7.263686],[112.676317,-7.262961],[112.675856,-7.262922],[112.675517,-7.263035],[112.675346,-7.26296],[112.675701,-7.262191],[112.675666,-7.262186],[112.675669,-7.262045],[112.675542,-7.262056],[112.675542,-7.26178],[112.675426,-7.261776],[112.675436,-7.261806],[112.675016,-7.261904],[112.675017,-7.261975],[112.67486,-7.261973],[112.674724,-7.26203],[112.673645,-7.262121],[112.673146,-7.262257],[112.67257,-7.262516],[112.671615,-7.26239],[112.671586,-7.262586],[112.671483,-7.262646],[112.671345,-7.263049],[112.67136,-7.263255],[112.671241,-7.263631],[112.669704,-7.2633],[112.669588,-7.263736],[112.669304,-7.263663],[112.669295,-7.263706],[112.668023,-7.263703],[112.667902,-7.263886],[112.667307,-7.263471],[112.667162,-7.263446],[112.666085,-7.268296],[112.668598,-7.268868],[112.668381,-7.269762],[112.668446,-7.269937],[112.668408,-7.270332],[112.668336,-7.270596],[112.668461,-7.27064],[112.668333,-7.271082],[112.667791,-7.270903],[112.66767,-7.270905],[112.667462,-7.27156],[112.666838,-7.271352],[112.666755,-7.271685],[112.666151,-7.271486],[112.665903,-7.272126],[112.665067,-7.271823],[112.664858,-7.27163],[112.664617,-7.27153],[112.664919,-7.270897],[112.665449,-7.271067],[112.665602,-7.270616],[112.665162,-7.270442],[112.665206,-7.270284],[112.665135,-7.270246],[112.665106,-7.270285],[112.664945,-7.270189],[112.664636,-7.270127],[112.664553,-7.270066],[112.663455,-7.269696],[112.663444,-7.269854],[112.663293,-7.270321],[112.66267,-7.270195],[112.66192,-7.270103],[112.662066,-7.269761],[112.662166,-7.269721],[112.662202,-7.26964],[112.66243,-7.268884],[112.662585,-7.26817],[112.66259,-7.26789],[112.662715,-7.267317],[112.662723,-7.266672],[112.662864,-7.266069],[112.662616,-7.266011],[112.662789,-7.265255],[112.662505,-7.265193],[112.66258,-7.264853],[112.662352,-7.264797],[112.661601,-7.264161],[112.661293,-7.263859],[112.661205,-7.263694],[112.66098,-7.263766],[112.660935,-7.263617],[112.660795,-7.263616],[112.660778,-7.26356],[112.660669,-7.263589],[112.660727,-7.263325],[112.660601,-7.263303],[112.660618,-7.26323],[112.660495,-7.263206],[112.66051,-7.263133],[112.660378,-7.263108],[112.660403,-7.26299],[112.659627,-7.262819],[112.659585,-7.26255],[112.659638,-7.2623],[112.659364,-7.262273],[112.65956,-7.261401],[112.658947,-7.261298],[112.658852,-7.260888],[112.658918,-7.26069],[112.658947,-7.260696],[112.658987,-7.260587],[112.659105,-7.260485],[112.659142,-7.260374],[112.659262,-7.26038],[112.659393,-7.260313],[112.65982,-7.260393],[112.659901,-7.260027],[112.659804,-7.259961],[112.659852,-7.259747],[112.659557,-7.259676],[112.659634,-7.259318],[112.659459,-7.259266],[112.659545,-7.259013],[112.659574,-7.258645],[112.6598,-7.257611],[112.660007,-7.256142],[112.659613,-7.256041],[112.65939,-7.256028],[112.659167,-7.25591],[112.658851,-7.255877],[112.658429,-7.255684],[112.658167,-7.255974],[112.657937,-7.255925],[112.657494,-7.255702],[112.657121,-7.255606],[112.656951,-7.255523],[112.657039,-7.25533],[112.656184,-7.254981],[112.656044,-7.254984],[112.655971,-7.255162],[112.655733,-7.255053],[112.655541,-7.255035],[112.655457,-7.25516],[112.655402,-7.255121],[112.655358,-7.255244],[112.655177,-7.255425],[112.65486,-7.255479],[112.654783,-7.255114],[112.654821,-7.254785],[112.654772,-7.254776],[112.654745,-7.254669],[112.654786,-7.254231],[112.654703,-7.254224],[112.654745,-7.254046],[112.654577,-7.254016],[112.654778,-7.253235],[112.65479,-7.253033],[112.655215,-7.251611],[112.654779,-7.251571],[112.65481,-7.251072],[112.654047,-7.251017],[112.653959,-7.250604],[112.653946,-7.250346],[112.654002,-7.249979],[112.654094,-7.249716],[112.654527,-7.249869],[112.654483,-7.249408],[112.654332,-7.249114],[112.654369,-7.248836],[112.654854,-7.247608],[112.654892,-7.247571],[112.655041,-7.247591],[112.654525,-7.243022],[112.65447,-7.242302],[112.654519,-7.241821],[112.654818,-7.241186],[112.655033,-7.240977],[112.657744,-7.238783],[112.657862,-7.238751],[112.658111,-7.238796],[112.658417,-7.239182],[112.658764,-7.239214],[112.659057,-7.239326],[112.659278,-7.239643],[112.659327,-7.23963],[112.659902,-7.239811],[112.661968,-7.240574],[112.663194,-7.240981],[112.664092,-7.238808],[112.663985,-7.238717],[112.66395,-7.238546],[112.663995,-7.238443],[112.664154,-7.23835],[112.664361,-7.238421],[112.664426,-7.238554],[112.664411,-7.238676],[112.667873,-7.240107],[112.668381,-7.240306],[112.668575,-7.240341],[112.668808,-7.240337],[112.66916,-7.240213],[112.669411,-7.240011],[112.669704,-7.239648],[112.669826,-7.239612],[112.670262,-7.239784],[112.670567,-7.239048],[112.670799,-7.239143],[112.670905,-7.23888],[112.671989,-7.239327],[112.672045,-7.239203],[112.672144,-7.239246],[112.672093,-7.239374],[112.673122,-7.239797],[112.673744,-7.238306],[112.673823,-7.238247],[112.674036,-7.238236],[112.675289,-7.238753],[112.675419,-7.237635],[112.677014,-7.238304],[112.677445,-7.23864]]]]}},{"type":"Feature","id":"35.78.31","properties":{"name":"SAMBIKEREP","code":"35.78.31","area":17.46,"legalBasis":"Peraturan Walikota Surabaya Nomor 39 Tahun 2024"},"geometry":{"type":"MultiPolygon","coordinates":[[[[112.659627,-7.262819],[112.660403,-7.26299],[112.660378,-7.263108],[112.66051,-7.263133],[112.660495,-7.263206],[112.660618,-7.26323],[112.660601,-7.263303],[112.660727,-7.263325],[112.660669,-7.263589],[112.660778,-7.26356],[112.660795,-7.263616],[112.660935,-7.263617],[112.66098,-7.263766],[112.661205,-7.263694],[112.661293,-7.263859],[112.661601,-7.264161],[112.662352,-7.264797],[112.66258,-7.264853],[112.662505,-7.265193],[112.662789,-7.265255],[112.662616,-7.266011],[112.662864,-7.266069],[112.662723,-7.266672],[112.662715,-7.267317],[112.66259,-7.26789],[112.662585,-7.26817],[112.66243,-7.268884],[112.662202,-7.26964],[112.662166,-7.269721],[112.662066,-7.269761],[112.66192,-7.270103],[112.66267,-7.270195],[112.663293,-7.270321],[112.663444,-7.269854],[112.663455,-7.269696],[112.664553,-7.270066],[112.664636,-7.270127],[112.664945,-7.270189],[112.665106,-7.270285],[112.665135,-7.270246],[112.665206,-7.270284],[112.665162,-7.270442],[112.665602,-7.270616],[112.665449,-7.271067],[112.664919,-7.270897],[112.664617,-7.27153],[112.664858,-7.27163],[112.665067,-7.271823],[112.665903,-7.272126],[112.666151,-7.271486],[112.666755,-7.271685],[112.666838,-7.271352],[112.667462,-7.27156],[112.66767,-7.270905],[112.667791,-7.270903],[112.668333,-7.271082],[112.668461,-7.27064],[112.668336,-7.270596],[112.668408,-7.270332],[112.668446,-7.269937],[112.668381,-7.269762],[112.668598,-7.268868],[112.666085,-7.268296],[112.667162,-7.263446],[112.667307,-7.263471],[112.667902,-7.263886],[112.668023,-7.263703],[112.669295,-7.263706],[112.669304,-7.263663],[112.669588,-7.263736],[112.669704,-7.2633],[112.671241,-7.263631],[112.67136,-7.263255],[112.671345,-7.263049],[112.671483,-7.262646],[112.671586,-7.262586],[112.671615,-7.26239],[112.67257,-7.262516],[112.673146,-7.262257],[112.673645,-7.262121],[112.674724,-7.26203],[112.67486,-7.261973],[112.675017,-7.261975],[112.675016,-7.261904],[112.675436,-7.261806],[112.675426,-7.261776],[112.675542,-7.26178],[112.675542,-7.262056],[112.675669,-7.262045],[112.675666,-7.262186],[112.675701,-7.262191],[112.675346,-7.26296],[112.675517,-7.263035],[112.675856,-7.262922],[112.676317,-7.262961],[112.676179,-7.263686],[112.676415,-7.263738],[112.676359,-7.263872],[112.676183,-7.263989],[112.67604,-7.264284],[112.675888,-7.264324],[112.67557,-7.264209],[112.675442,-7.264246],[112.675249,-7.264411],[112.676452,-7.264744],[112.676271,-7.265293],[112.676267,-7.265819],[112.676125,-7.265796],[112.676136,-7.266001],[112.676026,-7.265994],[112.676033,-7.266133],[112.676345,-7.26612],[112.676374,-7.266191],[112.676307,-7.266217],[112.676668,-7.267073],[112.676122,-7.26769],[112.67578,-7.267238],[112.675163,-7.267388],[112.675029,-7.267528],[112.674872,-7.267414],[112.674664,-7.267366],[112.674677,-7.267323],[112.674483,-7.267252],[112.674346,-7.267648],[112.67361,-7.267486],[112.673569,-7.26759],[112.673268,-7.267394],[112.673202,-7.268429],[112.672991,-7.269151],[112.672933,-7.269529],[112.672894,-7.269521],[112.672859,-7.269913],[112.672604,-7.270703],[112.672567,-7.270931],[112.673017,-7.271125],[112.674317,-7.271551],[112.674453,-7.271059],[112.674567,-7.271086],[112.674606,-7.271152],[112.676779,-7.271783],[112.67708,-7.271939],[112.677739,-7.271999],[112.677865,-7.272085],[112.677958,-7.272288],[112.677973,-7.272544],[112.678034,-7.272644],[112.678118,-7.272981],[112.678136,-7.273466],[112.678433,-7.273624],[112.678447,-7.273739],[112.678536,-7.273802],[112.678634,-7.273976],[112.678912,-7.274255],[112.679029,-7.274262],[112.679079,-7.274307],[112.679353,-7.274721],[112.680354,-7.27386],[112.680972,-7.274659],[112.68131,-7.274328],[112.681601,-7.274558],[112.68155,-7.274615],[112.681597,-7.274664],[112.681302,-7.274921],[112.681416,-7.275059],[112.681773,-7.274758],[112.682617,-7.275795],[112.682919,-7.27555],[112.684025,-7.276972],[112.679778,-7.28049],[112.679662,-7.280118],[112.679441,-7.280197],[112.679232,-7.280542],[112.679082,-7.281117],[112.678837,-7.281253],[112.67851,-7.282005],[112.678477,-7.282168],[112.678923,-7.282297],[112.678553,-7.283839],[112.677386,-7.283509],[112.677327,-7.283539],[112.676458,-7.283351],[112.676425,-7.283461],[112.676069,-7.283369],[112.676034,-7.283539],[112.675228,-7.283431],[112.675289,-7.282935],[112.674834,-7.282874],[112.674026,-7.282838],[112.674038,-7.282722],[112.673715,-7.282675],[112.673525,-7.282765],[112.673418,-7.283545],[112.674145,-7.28365],[112.674085,-7.284113],[112.673958,-7.284094],[112.673826,-7.285145],[112.673927,-7.285514],[112.673917,-7.285871],[112.673952,-7.286042],[112.674294,-7.286972],[112.674765,-7.28677],[112.675218,-7.286907],[112.67635,-7.287346],[112.677171,-7.287731],[112.677243,-7.287805],[112.677283,-7.288055],[112.677222,-7.288503],[112.677152,-7.288598],[112.677069,-7.288904],[112.676767,-7.289153],[112.676487,-7.289258],[112.6764,-7.289438],[112.675995,-7.289957],[112.675637,-7.290314],[112.67557,-7.290319],[112.675368,-7.290522],[112.675278,-7.290677],[112.674338,-7.291587],[112.674329,-7.291642],[112.674094,-7.291889],[112.673234,-7.291087],[112.672224,-7.290893],[112.671914,-7.292554],[112.668117,-7.29193],[112.668119,-7.292336],[112.668014,-7.292853],[112.66475,-7.292339],[112.66457,-7.293498],[112.664613,-7.293505],[112.664595,-7.293604],[112.664566,-7.293663],[112.664456,-7.293677],[112.664412,-7.293728],[112.664436,-7.293824],[112.664647,-7.293904],[112.664496,-7.294292],[112.663996,-7.294863],[112.663441,-7.294645],[112.663374,-7.294533],[112.663374,-7.294449],[112.662849,-7.294292],[112.662787,-7.293552],[112.662355,-7.293387],[112.662308,-7.293337],[112.662197,-7.294116],[112.662128,-7.294321],[112.662172,-7.294343],[112.661946,-7.295151],[112.661742,-7.296083],[112.659811,-7.295598],[112.659516,-7.295463],[112.658958,-7.295331],[112.657854,-7.295149],[112.657827,-7.295249],[112.656595,-7.295118],[112.654853,-7.294735],[112.655482,-7.291675],[112.655354,-7.291647],[112.655282,-7.291906],[112.654645,-7.291754],[112.65505,-7.290012],[112.650444,-7.289891],[112.650687,-7.291171],[112.650214,-7.29127],[112.650288,-7.291654],[112.649693,-7.291769],[112.649602,-7.291954],[112.649666,-7.292388],[112.649244,-7.292465],[112.649028,-7.291409],[112.648338,-7.291532],[112.647728,-7.288422],[112.64537,-7.288901],[112.645058,-7.288931],[112.643089,-7.288623],[112.641819,-7.288666],[112.640879,-7.288528],[112.640014,-7.288658],[112.638259,-7.288671],[112.638001,-7.288728],[112.637692,-7.288877],[112.636243,-7.289959],[112.635937,-7.290076],[112.635552,-7.29015],[112.63457,-7.290149],[112.634054,-7.29009],[112.632966,-7.28962],[112.632068,-7.289332],[112.630906,-7.289013],[112.629897,-7.28881],[112.629583,-7.2889],[112.629453,-7.288993],[112.628697,-7.289847],[112.628363,-7.289959],[112.628022,-7.29013],[112.627643,-7.290207],[112.62758,-7.290281],[112.627367,-7.290353],[112.625935,-7.289813],[112.625279,-7.28964],[112.625617,-7.289062],[112.625193,-7.288526],[112.625316,-7.288024],[112.625427,-7.286999],[112.625366,-7.286648],[112.625447,-7.286581],[112.625294,-7.286384],[112.625301,-7.286009],[112.62502,-7.28587],[112.624612,-7.286105],[112.624589,-7.286011],[112.624545,-7.286027],[112.624479,-7.285946],[112.624468,-7.285792],[112.624311,-7.285764],[112.624248,-7.285462],[112.624015,-7.285464],[112.623466,-7.285274],[112.623147,-7.28491],[112.62287,-7.284419],[112.621914,-7.283041],[112.62175,-7.282714],[112.621781,-7.282161],[112.622215,-7.282147],[112.62233,-7.281703],[112.622378,-7.280934],[112.622442,-7.280681],[112.622654,-7.28017],[112.622807,-7.27948],[112.622866,-7.279404],[112.623113,-7.279366],[112.623547,-7.2792],[112.624122,-7.278816],[112.624155,-7.278666],[112.624327,-7.278555],[112.624458,-7.278396],[112.624421,-7.278265],[112.624345,-7.278194],[112.624518,-7.277966],[112.624986,-7.277718],[112.625419,-7.277627],[112.625833,-7.277591],[112.625914,-7.276908],[112.626166,-7.276024],[112.626729,-7.276113],[112.627029,-7.273996],[112.627069,-7.273883],[112.627212,-7.273908],[112.627278,-7.273595],[112.62736,-7.273475],[112.627515,-7.273368],[112.627715,-7.273347],[112.6281,-7.273408],[112.628368,-7.273516],[112.628805,-7.273607],[112.629107,-7.273622],[112.629242,-7.272924],[112.629473,-7.272364],[112.629674,-7.271592],[112.629786,-7.27133],[112.630031,-7.269834],[112.629923,-7.269788],[112.630049,-7.269233],[112.629899,-7.269176],[112.630074,-7.26815],[112.630135,-7.267433],[112.630273,-7.267413],[112.630343,-7.266705],[112.632295,-7.266156],[112.632282,-7.265868],[112.632334,-7.265682],[112.632549,-7.265204],[112.633014,-7.264468],[112.633112,-7.264231],[112.633043,-7.26403],[112.633102,-7.264019],[112.6331,-7.263947],[112.633722,-7.263978],[112.633994,-7.264035],[112.634016,-7.263915],[112.634547,-7.263998],[112.634831,-7.264022],[112.634991,-7.263992],[112.635259,-7.264036],[112.635305,-7.263906],[112.635688,-7.263939],[112.635731,-7.263845],[112.635911,-7.263674],[112.636122,-7.263529],[112.636219,-7.263482],[112.636389,-7.263499],[112.636483,-7.263239],[112.636496,-7.262943],[112.63666,-7.262046],[112.636744,-7.262089],[112.636853,-7.261638],[112.63682,-7.261566],[112.636868,-7.26122],[112.636991,-7.261099],[112.63723,-7.260439],[112.637338,-7.259961],[112.637749,-7.259869],[112.637959,-7.259532],[112.638061,-7.259158],[112.638485,-7.259177],[112.638636,-7.259015],[112.638817,-7.258958],[112.63891,-7.258641],[112.63953,-7.258812],[112.639499,-7.258934],[112.640258,-7.25917],[112.640271,-7.259105],[112.640926,-7.259259],[112.64094,-7.259168],[112.641223,-7.259247],[112.641227,-7.259463],[112.642047,-7.259587],[112.642376,-7.259508],[112.642963,-7.25959],[112.644174,-7.259971],[112.64473,-7.260104],[112.644748,-7.260057],[112.644824,-7.260046],[112.644986,-7.260082],[112.645255,-7.259413],[112.645948,-7.259635],[112.646485,-7.258129],[112.646679,-7.258137],[112.647106,-7.258307],[112.647686,-7.25838],[112.648239,-7.258352],[112.649012,-7.258502],[112.649366,-7.258475],[112.649514,-7.258503],[112.64953,-7.258443],[112.649788,-7.258511],[112.649849,-7.258282],[112.650798,-7.258065],[112.650889,-7.257996],[112.650984,-7.258324],[112.6514,-7.258522],[112.651695,-7.258573],[112.652081,-7.258303],[112.652353,-7.258267],[112.652469,-7.25821],[112.652565,-7.258386],[112.652581,-7.258611],[112.652575,-7.258757],[112.652472,-7.258951],[112.652465,-7.259166],[112.652595,-7.259466],[112.652729,-7.259563],[112.652387,-7.259819],[112.652297,-7.259984],[112.652321,-7.260132],[112.652504,-7.260374],[112.652457,-7.260899],[112.65233,-7.261157],[112.652355,-7.261366],[112.652304,-7.261591],[112.652167,-7.261645],[112.651987,-7.261617],[112.651965,-7.261797],[112.651883,-7.262002],[112.651553,-7.262659],[112.651566,-7.262846],[112.651346,-7.263257],[112.65136,-7.263535],[112.651387,-7.263607],[112.651502,-7.263658],[112.651523,-7.263715],[112.651501,-7.263958],[112.651529,-7.264006],[112.651872,-7.264098],[112.651993,-7.264404],[112.653668,-7.265116],[112.654267,-7.265236],[112.654889,-7.265471],[112.654976,-7.265099],[112.65497,-7.26488],[112.655091,-7.264897],[112.655186,-7.26479],[112.655236,-7.264804],[112.655338,-7.264727],[112.655309,-7.264713],[112.655328,-7.264654],[112.655439,-7.264447],[112.655477,-7.264454],[112.655534,-7.264134],[112.656098,-7.264241],[112.656111,-7.264162],[112.65653,-7.263852],[112.656338,-7.263812],[112.656477,-7.263446],[112.656683,-7.263526],[112.656778,-7.263101],[112.657596,-7.26317],[112.65759,-7.263216],[112.657678,-7.263224],[112.657762,-7.263174],[112.658001,-7.263156],[112.657999,-7.263094],[112.658604,-7.262826],[112.658602,-7.262933],[112.658811,-7.262878],[112.65879,-7.262813],[112.658937,-7.262762],[112.658972,-7.262864],[112.659044,-7.262843],[112.659035,-7.262809],[112.65918,-7.26279],[112.659245,-7.262875],[112.659633,-7.262857],[112.659627,-7.262819]]]]}},{"type":"Feature","id":"35.78.16","properties":{"name":"SEMAMPIR","code":"35.78.16","area":9.07,"legalBasis":"Peraturan Walikota Surabaya Nomor 26 Tahun 2023"},"geometry":{"type":"MultiPolygon","coordinates":[[[[112.745395,-7.23028],[112.743238,-7.233106],[112.742942,-7.233631],[112.742872,-7.233824],[112.742865,-7.234178],[112.742905,-7.2343],[112.742773,-7.234348],[112.742475,-7.234088],[112.74152,-7.233964],[112.741406,-7.23393],[112.741174,-7.233772],[112.741003,-7.23249],[112.740844,-7.23013],[112.741463,-7.230122],[112.741438,-7.227508],[112.741323,-7.22748],[112.74134,-7.2274],[112.741023,-7.227332],[112.741051,-7.227244],[112.740863,-7.227186],[112.740975,-7.226055],[112.740987,-7.2254],[112.740667,-7.225226],[112.739231,-7.224764],[112.739127,-7.224703],[112.738413,-7.22379],[112.738159,-7.223798],[112.737518,-7.20975],[112.735118,-7.196976],[112.735413,-7.196932],[112.735696,-7.195946],[112.737081,-7.195681],[112.737319,-7.196855],[112.737619,-7.196794],[112.737527,-7.196327],[112.737767,-7.196278],[112.738779,-7.201302],[112.737459,-7.201567],[112.737484,-7.201701],[112.737289,-7.201745],[112.737394,-7.202257],[112.737682,-7.202247],[112.737787,-7.202831],[112.73774,-7.202863],[112.737764,-7.202994],[112.737829,-7.202983],[112.73784,-7.203041],[112.737978,-7.203013],[112.737972,-7.202954],[112.738021,-7.202946],[112.738151,-7.203589],[112.738232,-7.203615],[112.738249,-7.203716],[112.739299,-7.20353],[112.739212,-7.203077],[112.739756,-7.202958],[112.738942,-7.198787],[112.74073,-7.198444],[112.741018,-7.199929],[112.74055,-7.200025],[112.740372,-7.200144],[112.740334,-7.200256],[112.740428,-7.200254],[112.740544,-7.200778],[112.740657,-7.201381],[112.740567,-7.201411],[112.740861,-7.202882],[112.743,-7.202408],[112.743275,-7.202406],[112.744173,-7.202232],[112.744162,-7.20213],[112.744477,-7.202103],[112.744554,-7.20196],[112.74424,-7.200253],[112.744175,-7.200176],[112.744175,-7.199992],[112.744021,-7.199302],[112.744022,-7.199091],[112.743924,-7.198561],[112.743844,-7.19821],[112.743767,-7.198213],[112.743752,-7.198125],[112.743819,-7.198107],[112.743785,-7.197975],[112.743728,-7.197982],[112.743709,-7.197893],[112.743761,-7.197873],[112.743673,-7.197567],[112.743674,-7.197349],[112.743609,-7.197219],[112.743638,-7.197202],[112.743551,-7.196694],[112.743575,-7.196678],[112.743526,-7.196362],[112.743483,-7.196358],[112.743434,-7.195905],[112.743338,-7.195836],[112.741746,-7.196115],[112.741577,-7.196263],[112.741578,-7.19636],[112.741812,-7.19632],[112.741826,-7.196415],[112.73959,-7.196802],[112.739551,-7.196588],[112.739496,-7.196587],[112.739277,-7.19524],[112.739432,-7.19521],[112.739463,-7.19534],[112.743368,-7.194659],[112.743407,-7.194839],[112.743913,-7.194844],[112.747559,-7.194256],[112.747853,-7.194449],[112.747995,-7.194489],[112.748077,-7.194968],[112.748145,-7.195058],[112.748259,-7.195084],[112.748498,-7.195103],[112.748792,-7.195058],[112.748829,-7.194434],[112.748987,-7.19445],[112.748978,-7.195066],[112.749134,-7.195078],[112.749107,-7.195691],[112.74916,-7.195675],[112.749173,-7.195711],[112.749064,-7.195838],[112.748749,-7.195979],[112.748659,-7.196096],[112.748632,-7.196286],[112.748573,-7.196403],[112.748542,-7.196818],[112.748373,-7.197449],[112.748363,-7.197685],[112.748314,-7.197742],[112.74834,-7.197846],[112.74827,-7.197965],[112.747873,-7.198025],[112.747709,-7.198086],[112.747563,-7.198041],[112.747244,-7.198052],[112.747255,-7.198205],[112.747435,-7.198249],[112.747517,-7.198315],[112.74756,-7.198198],[112.747662,-7.198229],[112.747735,-7.19819],[112.748287,-7.198179],[112.74837,-7.198252],[112.748303,-7.198288],[112.748319,-7.198383],[112.748235,-7.198369],[112.748212,-7.198404],[112.748325,-7.198536],[112.748306,-7.198612],[112.748355,-7.198582],[112.748358,-7.198521],[112.748492,-7.198506],[112.748489,-7.19864],[112.748634,-7.198695],[112.74873,-7.198664],[112.748849,-7.198558],[112.748929,-7.198691],[112.74905,-7.198662],[112.74917,-7.198692],[112.749134,-7.198952],[112.749181,-7.198959],[112.749201,-7.198898],[112.749266,-7.198903],[112.749303,-7.198834],[112.749375,-7.198837],[112.749402,-7.198894],[112.749515,-7.198799],[112.749545,-7.198821],[112.749507,-7.198939],[112.749526,-7.199052],[112.749616,-7.199042],[112.749642,-7.199098],[112.749745,-7.199111],[112.749804,-7.199196],[112.7499,-7.199151],[112.749969,-7.199189],[112.750012,-7.199132],[112.750143,-7.19921],[112.750183,-7.199172],[112.750245,-7.199239],[112.750269,-7.199176],[112.750345,-7.199166],[112.750433,-7.199201],[112.750367,-7.199347],[112.750545,-7.199202],[112.750601,-7.199439],[112.750653,-7.199434],[112.75073,-7.199328],[112.750782,-7.199357],[112.750867,-7.199335],[112.750847,-7.199447],[112.750967,-7.199563],[112.750885,-7.199574],[112.750893,-7.199633],[112.751005,-7.1996],[112.751053,-7.199466],[112.751099,-7.199453],[112.751168,-7.199505],[112.751204,-7.199609],[112.751336,-7.19951],[112.751351,-7.199567],[112.751456,-7.199598],[112.751486,-7.199696],[112.751573,-7.199706],[112.751586,-7.199625],[112.751698,-7.199606],[112.751734,-7.199564],[112.751802,-7.199598],[112.751879,-7.199577],[112.751838,-7.199728],[112.751866,-7.199758],[112.751971,-7.199426],[112.752083,-7.199393],[112.752207,-7.199412],[112.752197,-7.19949],[112.752293,-7.199515],[112.752348,-7.199621],[112.752554,-7.199704],[112.752586,-7.199661],[112.752645,-7.199667],[112.752669,-7.199551],[112.752776,-7.199563],[112.752833,-7.199485],[112.752947,-7.199664],[112.752989,-7.199652],[112.752999,-7.19954],[112.753118,-7.199549],[112.753131,-7.19942],[112.75324,-7.199305],[112.753283,-7.199304],[112.753308,-7.199394],[112.753361,-7.199408],[112.753392,-7.199289],[112.753455,-7.199253],[112.7536,-7.19931],[112.753736,-7.19926],[112.753942,-7.199294],[112.75396,-7.199258],[112.754021,-7.199275],[112.753996,-7.199202],[112.754096,-7.199138],[112.754107,-7.199206],[112.754193,-7.199286],[112.75418,-7.199354],[112.754243,-7.199379],[112.754303,-7.199359],[112.754306,-7.199125],[112.754441,-7.199324],[112.754444,-7.199184],[112.754557,-7.199158],[112.754566,-7.199052],[112.754618,-7.199054],[112.754615,-7.199141],[112.754648,-7.199165],[112.754681,-7.198989],[112.754874,-7.199038],[112.754877,-7.199091],[112.754934,-7.199124],[112.754877,-7.198999],[112.755014,-7.199084],[112.754964,-7.198998],[112.755001,-7.19897],[112.754991,-7.198894],[112.755094,-7.198901],[112.755148,-7.198856],[112.755165,-7.198759],[112.755258,-7.198704],[112.755296,-7.198708],[112.755307,-7.198766],[112.755412,-7.198756],[112.755381,-7.198675],[112.755442,-7.198669],[112.75547,-7.198535],[112.755528,-7.198529],[112.75555,-7.198612],[112.755634,-7.198621],[112.755678,-7.198468],[112.75578,-7.198469],[112.755827,-7.198508],[112.755802,-7.198443],[112.755846,-7.198431],[112.755898,-7.198518],[112.755919,-7.198464],[112.755879,-7.198418],[112.756092,-7.198397],[112.756379,-7.198192],[112.756478,-7.198163],[112.756459,-7.198087],[112.756575,-7.197985],[112.756582,-7.197579],[112.757359,-7.197591],[112.757371,-7.196598],[112.757563,-7.196602],[112.757534,-7.200924],[112.757479,-7.201369],[112.757376,-7.201644],[112.757539,-7.201721],[112.757679,-7.20157],[112.758146,-7.201398],[112.758301,-7.201556],[112.758458,-7.20187],[112.758571,-7.201955],[112.758538,-7.202083],[112.758577,-7.202153],[112.758579,-7.202504],[112.758387,-7.202786],[112.758101,-7.203635],[112.760916,-7.20676],[112.761298,-7.207229],[112.762489,-7.207063],[112.762077,-7.208223],[112.761273,-7.211476],[112.760995,-7.21154],[112.761046,-7.211839],[112.760904,-7.212713],[112.760865,-7.213687],[112.760808,-7.21411],[112.760184,-7.216175],[112.759875,-7.218453],[112.759662,-7.219701],[112.759374,-7.221073],[112.759224,-7.222004],[112.759156,-7.222104],[112.759737,-7.222292],[112.759721,-7.222757],[112.76038,-7.222791],[112.76035,-7.223257],[112.759702,-7.223215],[112.759643,-7.223543],[112.759569,-7.224563],[112.759211,-7.22446],[112.759155,-7.224621],[112.758823,-7.224507],[112.758795,-7.224646],[112.758166,-7.22441],[112.758057,-7.22457],[112.757936,-7.224867],[112.758032,-7.225025],[112.758224,-7.226168],[112.758596,-7.226864],[112.758545,-7.227237],[112.758472,-7.227449],[112.759003,-7.227757],[112.758757,-7.22829],[112.758942,-7.228361],[112.758827,-7.22862],[112.758437,-7.228489],[112.758386,-7.228714],[112.758129,-7.228654],[112.758142,-7.228853],[112.757781,-7.229328],[112.757518,-7.229808],[112.757717,-7.229848],[112.75782,-7.230841],[112.757205,-7.230842],[112.757832,-7.235621],[112.757764,-7.235665],[112.757514,-7.235576],[112.754783,-7.23588],[112.754646,-7.23485],[112.754512,-7.234246],[112.75416,-7.23416],[112.752809,-7.233463],[112.752675,-7.23333],[112.752449,-7.23295],[112.752158,-7.233119],[112.751938,-7.233139],[112.751512,-7.233033],[112.750261,-7.232598],[112.748963,-7.232398],[112.747965,-7.232345],[112.747392,-7.232245],[112.746871,-7.232078],[112.746968,-7.231659],[112.746367,-7.230408],[112.745526,-7.230073],[112.745395,-7.23028]]]]}},{"type":"Feature","id":"35.78.17","properties":{"name":"KENJERAN","code":"35.78.17","area":8.52,"legalBasis":"Peraturan Walikota Surabaya Nomor 26 Tahun 2023"},"geometry":{"type":"MultiPolygon","coordinates":[[[[112.762291,-7.195715],[112.762696,-7.195686],[112.762826,-7.195728],[112.76291,-7.195832],[112.76302,-7.19575],[112.763127,-7.195823],[112.763324,-7.195744],[112.763414,-7.195752],[112.763523,-7.195841],[112.76348,-7.195927],[112.763638,-7.19588],[112.763733,-7.195939],[112.763787,-7.195875],[112.763819,-7.195935],[112.763888,-7.195943],[112.763974,-7.19589],[112.764033,-7.195924],[112.76411,-7.195891],[112.764158,-7.195931],[112.764144,-7.196012],[112.764353,-7.195993],[112.764447,-7.196115],[112.764576,-7.196108],[112.76478,-7.196259],[112.764816,-7.196214],[112.764941,-7.196214],[112.765023,-7.196349],[112.765158,-7.196381],[112.765368,-7.196534],[112.76536,-7.1966],[112.765409,-7.196534],[112.765489,-7.196549],[112.765503,-7.196645],[112.765603,-7.196665],[112.765612,-7.196762],[112.765739,-7.196801],[112.765823,-7.196776],[112.765826,-7.196839],[112.765946,-7.196905],[112.766004,-7.196985],[112.766058,-7.196958],[112.766145,-7.197045],[112.766252,-7.197059],[112.766271,-7.197112],[112.76643,-7.197193],[112.766425,-7.197281],[112.766618,-7.197334],[112.766662,-7.19737],[112.766653,-7.197419],[112.766823,-7.197492],[112.766847,-7.197566],[112.766773,-7.197639],[112.767168,-7.197796],[112.767256,-7.197883],[112.767375,-7.197902],[112.767495,-7.198149],[112.767591,-7.19812],[112.767614,-7.198217],[112.76767,-7.198206],[112.767699,-7.198295],[112.767759,-7.198313],[112.767751,-7.198406],[112.767792,-7.198408],[112.76785,-7.198536],[112.767889,-7.198468],[112.767983,-7.198465],[112.768074,-7.198392],[112.768233,-7.198583],[112.768384,-7.198548],[112.768554,-7.198674],[112.768569,-7.198746],[112.768606,-7.198707],[112.768672,-7.198738],[112.76873,-7.198902],[112.768865,-7.198912],[112.768856,-7.199033],[112.768985,-7.199025],[112.769012,-7.199096],[112.769151,-7.199048],[112.769435,-7.199188],[112.769465,-7.199294],[112.769416,-7.199362],[112.769415,-7.199483],[112.769591,-7.199357],[112.769799,-7.199364],[112.769838,-7.199497],[112.769761,-7.199532],[112.769733,-7.19962],[112.769807,-7.199665],[112.76982,-7.199759],[112.769962,-7.199775],[112.770004,-7.199733],[112.770094,-7.199737],[112.770071,-7.199891],[112.770214,-7.199872],[112.770299,-7.199775],[112.770418,-7.199791],[112.77045,-7.199928],[112.77035,-7.200018],[112.770459,-7.200208],[112.770528,-7.20025],[112.770596,-7.200199],[112.770659,-7.200274],[112.770663,-7.200346],[112.77079,-7.200373],[112.770791,-7.200465],[112.770857,-7.200514],[112.770882,-7.200641],[112.771009,-7.200797],[112.771086,-7.200682],[112.771234,-7.200694],[112.771277,-7.200831],[112.771196,-7.200935],[112.771204,-7.201031],[112.771271,-7.201006],[112.771322,-7.201071],[112.77148,-7.201112],[112.771726,-7.2011],[112.771751,-7.201165],[112.771713,-7.201263],[112.771759,-7.201286],[112.771759,-7.20136],[112.771939,-7.201329],[112.771973,-7.201443],[112.772094,-7.201511],[112.772078,-7.20158],[112.772192,-7.20161],[112.772193,-7.201684],[112.772238,-7.20172],[112.772334,-7.201728],[112.772363,-7.2019],[112.77229,-7.202009],[112.772358,-7.202084],[112.772703,-7.202004],[112.772795,-7.201846],[112.772834,-7.20165],[112.772865,-7.201809],[112.772841,-7.202042],[112.772727,-7.20231],[112.772963,-7.202361],[112.773014,-7.202183],[112.773078,-7.202102],[112.773116,-7.202177],[112.773036,-7.202583],[112.773114,-7.20259],[112.773474,-7.201347],[112.774691,-7.201536],[112.774117,-7.205508],[112.773866,-7.205492],[112.773949,-7.205535],[112.774092,-7.205754],[112.774212,-7.205764],[112.774282,-7.205853],[112.7742,-7.205943],[112.774182,-7.206056],[112.77422,-7.206184],[112.774297,-7.206245],[112.774364,-7.206198],[112.774374,-7.206278],[112.774556,-7.206372],[112.774559,-7.206478],[112.774748,-7.206616],[112.774946,-7.206615],[112.774964,-7.206699],[112.775024,-7.206735],[112.77498,-7.206823],[112.775213,-7.20693],[112.775255,-7.206991],[112.775259,-7.207039],[112.775209,-7.207067],[112.775005,-7.207413],[112.774706,-7.20736],[112.77504,-7.207583],[112.775098,-7.207696],[112.775164,-7.207704],[112.775157,-7.207813],[112.775073,-7.207812],[112.774974,-7.208268],[112.774995,-7.20841],[112.775027,-7.208234],[112.77517,-7.208282],[112.775104,-7.208399],[112.775019,-7.208445],[112.775061,-7.208488],[112.775795,-7.207283],[112.776224,-7.20716],[112.776294,-7.20742],[112.776397,-7.207498],[112.776443,-7.207589],[112.776384,-7.207834],[112.776429,-7.207843],[112.776534,-7.208015],[112.776563,-7.208162],[112.7765,-7.207739],[112.776651,-7.207677],[112.777122,-7.207973],[112.777421,-7.207946],[112.778563,-7.20827],[112.778988,-7.208228],[112.779041,-7.208387],[112.779212,-7.208469],[112.779868,-7.208648],[112.780012,-7.208735],[112.779998,-7.208793],[112.780028,-7.208801],[112.779715,-7.210352],[112.779423,-7.210985],[112.77928,-7.211439],[112.77834,-7.215185],[112.777875,-7.216199],[112.777598,-7.217333],[112.77734,-7.217619],[112.777271,-7.218919],[112.775685,-7.218383],[112.775407,-7.219804],[112.775947,-7.219922],[112.775589,-7.221801],[112.776924,-7.222095],[112.777319,-7.220103],[112.777438,-7.21888],[112.780032,-7.219845],[112.779843,-7.220383],[112.780931,-7.220731],[112.782515,-7.221148],[112.782641,-7.221181],[112.782658,-7.221124],[112.784081,-7.221646],[112.784066,-7.222118],[112.78411,-7.22297],[112.784075,-7.223118],[112.784123,-7.223777],[112.783992,-7.224126],[112.783913,-7.224688],[112.78377,-7.225233],[112.783468,-7.225644],[112.783409,-7.225987],[112.782305,-7.225684],[112.781927,-7.226578],[112.782556,-7.226906],[112.782905,-7.226592],[112.78318,-7.226441],[112.783472,-7.225939],[112.783528,-7.225618],[112.7837,-7.225435],[112.783788,-7.225261],[112.783908,-7.225278],[112.78438,-7.223029],[112.78495,-7.223148],[112.786926,-7.223408],[112.786451,-7.225379],[112.786275,-7.226327],[112.786146,-7.226311],[112.786096,-7.226569],[112.785893,-7.226473],[112.785934,-7.226099],[112.785733,-7.226067],[112.785761,-7.225935],[112.785556,-7.225765],[112.785524,-7.225552],[112.785138,-7.225408],[112.784511,-7.225394],[112.783977,-7.225285],[112.783657,-7.225765],[112.783174,-7.22666],[112.78269,-7.22704],[112.782549,-7.227254],[112.783404,-7.227246],[112.783454,-7.227477],[112.783579,-7.227581],[112.783792,-7.227589],[112.783798,-7.227879],[112.784377,-7.227886],[112.784248,-7.228237],[112.783772,-7.228711],[112.783758,-7.229122],[112.78387,-7.229144],[112.783921,-7.229612],[112.783798,-7.23073],[112.7838,-7.230869],[112.783898,-7.230899],[112.783851,-7.231267],[112.783677,-7.231438],[112.783424,-7.231415],[112.783479,-7.231261],[112.783649,-7.231295],[112.78351,-7.230926],[112.783513,-7.230662],[112.781303,-7.230461],[112.781427,-7.229891],[112.781225,-7.22986],[112.781185,-7.229798],[112.781142,-7.229392],[112.781149,-7.228964],[112.780432,-7.22884],[112.780216,-7.229287],[112.780175,-7.229334],[112.780048,-7.229339],[112.778564,-7.228973],[112.778557,-7.229013],[112.778079,-7.229012],[112.777616,-7.229253],[112.777616,-7.229286],[112.777489,-7.229278],[112.777529,-7.229723],[112.777487,-7.229773],[112.776776,-7.229675],[112.776678,-7.229994],[112.776513,-7.229941],[112.776456,-7.230126],[112.77556,-7.229801],[112.77497,-7.232216],[112.773051,-7.232303],[112.772674,-7.233231],[112.771385,-7.233079],[112.770943,-7.234684],[112.770782,-7.234651],[112.770773,-7.234691],[112.77085,-7.23471],[112.770608,-7.235732],[112.770667,-7.235753],[112.770653,-7.235796],[112.770494,-7.235798],[112.770322,-7.235744],[112.770013,-7.23578],[112.769999,-7.235816],[112.769516,-7.235797],[112.768425,-7.235876],[112.76842,-7.235905],[112.768212,-7.235848],[112.768202,-7.235886],[112.767965,-7.235903],[112.767852,-7.235862],[112.767698,-7.236688],[112.7672,-7.236551],[112.767256,-7.236375],[112.767008,-7.236306],[112.767071,-7.235889],[112.766661,-7.235838],[112.7664,-7.235866],[112.765975,-7.23569],[112.765816,-7.236171],[112.765619,-7.236144],[112.765216,-7.236288],[112.764901,-7.236304],[112.764341,-7.236449],[112.76406,-7.236464],[112.763734,-7.236322],[112.764137,-7.235526],[112.762547,-7.234598],[112.762404,-7.234567],[112.762395,-7.23463],[112.76217,-7.234607],[112.762159,-7.234671],[112.761868,-7.234808],[112.761484,-7.234929],[112.761007,-7.234934],[112.761002,-7.23498],[112.7607,-7.234985],[112.760694,-7.235061],[112.760342,-7.235147],[112.759112,-7.23519],[112.758857,-7.235273],[112.758463,-7.235291],[112.758454,-7.235329],[112.758407,-7.235321],[112.758312,-7.23569],[112.757896,-7.235585],[112.757832,-7.235621],[112.757205,-7.230842],[112.75782,-7.230841],[112.757717,-7.229848],[112.757518,-7.229808],[112.757781,-7.229328],[112.758142,-7.228853],[112.758129,-7.228654],[112.758386,-7.228714],[112.758437,-7.228489],[112.758827,-7.22862],[112.758942,-7.228361],[112.758757,-7.22829],[112.759003,-7.227757],[112.758472,-7.227449],[112.758545,-7.227237],[112.758596,-7.226864],[112.758224,-7.226168],[112.758032,-7.225025],[112.757936,-7.224867],[112.758057,-7.22457],[112.758166,-7.22441],[112.758795,-7.224646],[112.758823,-7.224507],[112.759155,-7.224621],[112.759211,-7.22446],[112.759569,-7.224563],[112.759643,-7.223543],[112.759702,-7.223215],[112.76035,-7.223257],[112.76038,-7.222791],[112.759721,-7.222757],[112.759737,-7.222292],[112.759156,-7.222104],[112.759224,-7.222004],[112.759374,-7.221073],[112.759662,-7.219701],[112.759875,-7.218453],[112.760184,-7.216175],[112.760808,-7.21411],[112.760865,-7.213687],[112.760904,-7.212713],[112.761046,-7.211839],[112.760995,-7.21154],[112.761273,-7.211476],[112.762077,-7.208223],[112.762489,-7.207063],[112.761298,-7.207229],[112.760916,-7.20676],[112.758101,-7.203635],[112.758387,-7.202786],[112.758579,-7.202504],[112.758577,-7.202153],[112.758538,-7.202083],[112.758571,-7.201955],[112.758458,-7.20187],[112.758301,-7.201556],[112.758146,-7.201398],[112.757679,-7.20157],[112.757539,-7.201721],[112.757376,-7.201644],[112.757479,-7.201369],[112.757534,-7.200924],[112.757563,-7.196602],[112.757747,-7.196609],[112.757747,-7.196719],[112.757846,-7.1968],[112.757902,-7.1968],[112.757956,-7.197065],[112.758065,-7.197192],[112.75809,-7.197086],[112.758183,-7.196998],[112.758152,-7.196784],[112.758266,-7.19671],[112.758276,-7.196625],[112.75832,-7.196625],[112.758335,-7.196687],[112.75842,-7.196595],[112.758522,-7.196608],[112.758547,-7.196526],[112.758692,-7.196452],[112.758731,-7.196331],[112.758812,-7.196335],[112.758826,-7.19628],[112.758897,-7.196271],[112.758944,-7.196209],[112.759052,-7.196173],[112.759167,-7.19619],[112.759392,-7.196058],[112.759497,-7.196083],[112.759558,-7.196011],[112.759945,-7.196004],[112.760122,-7.195945],[112.760271,-7.195968],[112.760386,-7.195902],[112.760574,-7.195893],[112.760787,-7.195825],[112.761992,-7.195739],[112.762151,-7.195678],[112.762291,-7.195715]]]]}},{"type":"Feature","id":"35.78.12","properties":{"name":"PABEAN CANTIAN","code":"35.78.12","area":5.48,"legalBasis":"Peraturan Walikota Surabaya Nomor 39 Tahun 2024"},"geometry":{"type":"MultiPolygon","coordinates":[[[[112.734352,-7.196461],[112.734536,-7.197062],[112.735118,-7.196976],[112.737518,-7.20975],[112.738159,-7.223798],[112.738413,-7.22379],[112.739127,-7.224703],[112.739231,-7.224764],[112.740667,-7.225226],[112.740987,-7.2254],[112.740975,-7.226055],[112.740863,-7.227186],[112.741051,-7.227244],[112.741023,-7.227332],[112.74134,-7.2274],[112.741323,-7.22748],[112.741438,-7.227508],[112.741463,-7.230122],[112.740844,-7.23013],[112.741003,-7.23249],[112.741174,-7.233772],[112.741406,-7.23393],[112.74152,-7.233964],[112.742475,-7.234088],[112.742773,-7.234348],[112.742905,-7.2343],[112.743197,-7.235142],[112.743235,-7.235781],[112.743322,-7.236061],[112.744218,-7.237177],[112.744905,-7.238502],[112.744972,-7.238713],[112.745123,-7.239812],[112.745866,-7.241727],[112.747262,-7.243062],[112.747349,-7.243347],[112.747335,-7.244743],[112.747365,-7.245243],[112.747552,-7.246275],[112.747582,-7.24668],[112.746803,-7.248387],[112.746569,-7.248292],[112.745789,-7.248157],[112.743916,-7.248159],[112.743616,-7.248121],[112.7422,-7.247772],[112.742928,-7.245947],[112.743047,-7.24525],[112.742952,-7.244784],[112.742553,-7.243964],[112.742258,-7.243739],[112.741772,-7.24369],[112.740759,-7.243694],[112.740003,-7.243486],[112.739563,-7.243094],[112.739133,-7.242419],[112.739021,-7.241573],[112.738827,-7.240709],[112.738668,-7.240458],[112.738547,-7.24034],[112.73801,-7.239421],[112.737876,-7.239068],[112.737772,-7.238585],[112.737828,-7.238204],[112.738831,-7.234756],[112.738875,-7.234298],[112.738594,-7.233331],[112.738428,-7.232899],[112.73827,-7.232238],[112.738229,-7.23158],[112.737676,-7.231635],[112.737682,-7.231442],[112.737625,-7.2314],[112.736512,-7.231177],[112.73482,-7.230672],[112.734577,-7.231328],[112.734316,-7.232351],[112.734879,-7.232548],[112.735439,-7.232633],[112.735442,-7.232867],[112.73526,-7.23399],[112.731268,-7.232418],[112.731079,-7.23245],[112.730909,-7.234375],[112.730769,-7.234437],[112.730509,-7.234261],[112.728687,-7.232707],[112.728429,-7.232435],[112.728375,-7.231988],[112.729586,-7.229761],[112.731752,-7.225081],[112.732078,-7.223937],[112.732422,-7.221281],[112.732005,-7.221235],[112.731985,-7.221386],[112.731792,-7.221379],[112.731579,-7.220896],[112.731063,-7.221316],[112.730553,-7.220255],[112.729302,-7.218815],[112.729004,-7.218596],[112.727636,-7.217846],[112.72709,-7.217474],[112.726654,-7.21709],[112.726248,-7.21664],[112.725781,-7.216031],[112.724883,-7.214154],[112.723256,-7.210585],[112.722341,-7.208698],[112.721188,-7.209237],[112.721252,-7.209192],[112.721204,-7.208919],[112.721072,-7.208666],[112.721298,-7.208503],[112.721287,-7.208452],[112.721493,-7.208355],[112.721365,-7.208059],[112.720949,-7.208252],[112.720881,-7.208245],[112.720836,-7.208202],[112.720844,-7.208125],[112.72077,-7.20795],[112.72072,-7.207967],[112.720674,-7.207878],[112.720774,-7.207818],[112.720727,-7.207717],[112.720658,-7.207728],[112.720545,-7.207489],[112.720453,-7.207531],[112.720356,-7.20734],[112.720104,-7.207448],[112.71952,-7.206181],[112.719857,-7.205994],[112.719762,-7.205832],[112.719709,-7.205842],[112.719429,-7.205294],[112.718583,-7.203374],[112.718541,-7.203438],[112.718495,-7.203415],[112.718003,-7.202321],[112.718029,-7.202286],[112.7178,-7.201704],[112.717825,-7.201627],[112.717794,-7.201483],[112.717679,-7.201293],[112.717505,-7.201233],[112.717467,-7.200967],[112.717627,-7.200881],[112.71754,-7.20068],[112.717917,-7.200526],[112.717962,-7.20044],[112.717741,-7.200031],[112.717592,-7.199833],[112.717479,-7.199786],[112.717355,-7.199503],[112.717212,-7.19937],[112.717229,-7.199272],[112.717167,-7.199141],[112.717206,-7.199088],[112.718144,-7.19864],[112.71829,-7.198715],[112.718348,-7.198828],[112.718607,-7.198866],[112.718602,-7.198952],[112.718654,-7.198936],[112.718763,-7.199076],[112.719001,-7.19913],[112.72013,-7.198571],[112.720936,-7.200148],[112.720933,-7.200275],[112.721827,-7.202158],[112.722049,-7.20206],[112.72208,-7.202091],[112.723142,-7.204349],[112.723198,-7.204334],[112.724066,-7.206159],[112.724435,-7.206942],[112.724393,-7.206975],[112.725639,-7.209606],[112.725713,-7.209632],[112.725827,-7.209595],[112.725791,-7.209357],[112.72583,-7.209327],[112.726264,-7.209246],[112.726307,-7.209334],[112.726373,-7.209324],[112.726386,-7.20939],[112.726814,-7.209335],[112.726892,-7.20939],[112.72709,-7.209351],[112.726977,-7.20909],[112.726943,-7.20909],[112.724401,-7.203273],[112.725596,-7.202709],[112.728622,-7.209119],[112.730229,-7.208818],[112.730261,-7.208793],[112.730245,-7.208694],[112.730464,-7.208618],[112.730457,-7.208584],[112.730388,-7.208589],[112.730355,-7.208289],[112.730384,-7.208235],[112.730348,-7.208235],[112.73033,-7.208118],[112.730011,-7.20817],[112.729839,-7.207147],[112.732689,-7.206655],[112.732148,-7.203821],[112.732542,-7.203737],[112.732493,-7.203425],[112.732529,-7.203419],[112.732504,-7.203267],[112.732574,-7.203248],[112.732528,-7.203184],[112.732547,-7.203077],[112.732495,-7.20298],[112.732558,-7.202923],[112.732519,-7.20287],[112.732431,-7.202886],[112.732382,-7.20279],[112.732357,-7.202534],[112.732289,-7.202523],[112.732264,-7.202403],[112.732321,-7.202352],[112.732272,-7.202315],[112.732276,-7.202212],[112.73219,-7.201993],[112.731898,-7.202035],[112.731892,-7.201984],[112.732181,-7.201937],[112.732062,-7.201308],[112.731961,-7.201212],[112.731726,-7.201229],[112.731374,-7.201295],[112.731389,-7.201403],[112.731348,-7.201408],[112.731326,-7.201304],[112.731208,-7.20133],[112.731197,-7.201369],[112.731133,-7.201377],[112.731143,-7.201448],[112.731101,-7.201454],[112.730989,-7.201224],[112.730797,-7.201252],[112.730836,-7.201501],[112.730784,-7.201509],[112.73075,-7.201298],[112.730644,-7.201269],[112.730604,-7.200942],[112.73048,-7.200543],[112.730397,-7.200417],[112.730323,-7.200417],[112.730324,-7.200361],[112.731996,-7.200059],[112.731933,-7.199716],[112.731677,-7.199758],[112.731463,-7.198515],[112.724319,-7.199765],[112.723656,-7.19852],[112.723567,-7.198047],[112.734275,-7.196186],[112.734352,-7.196461]]]]}},{"type":"Feature","id":"35.78.27","properties":{"name":"SUKOMANUNGGAL","code":"35.78.27","area":9.4,"legalBasis":"Telah ditegaskan Tahun 2025 (Berita Acara)"},"geometry":{"type":"MultiPolygon","coordinates":[[[[112.69474,-7.24717],[112.694988,-7.248097],[112.695166,-7.247839],[112.69552,-7.248192],[112.695713,-7.248452],[112.695733,-7.248622],[112.695588,-7.249027],[112.695659,-7.249429],[112.695773,-7.249684],[112.69599,-7.249857],[112.696517,-7.249856],[112.696713,-7.249906],[112.696807,-7.250016],[112.697062,-7.250624],[112.697248,-7.250928],[112.697572,-7.251291],[112.697801,-7.251377],[112.697979,-7.251403],[112.698232,-7.251366],[112.698499,-7.251263],[112.698718,-7.250998],[112.698872,-7.250722],[112.698884,-7.250613],[112.698818,-7.250424],[112.698249,-7.250065],[112.698209,-7.249918],[112.698235,-7.249659],[112.698409,-7.249482],[112.698828,-7.249256],[112.699305,-7.249214],[112.699636,-7.249299],[112.699901,-7.249294],[112.700058,-7.249222],[112.700445,-7.248904],[112.700818,-7.248846],[112.701151,-7.248725],[112.701279,-7.248735],[112.701409,-7.248821],[112.701537,-7.249134],[112.701554,-7.249487],[112.700898,-7.250015],[112.700445,-7.250098],[112.700221,-7.250205],[112.700141,-7.250411],[112.700196,-7.250851],[112.700309,-7.251236],[112.700567,-7.251801],[112.700646,-7.252184],[112.700923,-7.252562],[112.701183,-7.252811],[112.701337,-7.252746],[112.701514,-7.252994],[112.701542,-7.253091],[112.701514,-7.253207],[112.701268,-7.25335],[112.701115,-7.253548],[112.701195,-7.253712],[112.70129,-7.253714],[112.701701,-7.25353],[112.701964,-7.253588],[112.702242,-7.253714],[112.702329,-7.253801],[112.702314,-7.254205],[112.702356,-7.254203],[112.702395,-7.254304],[112.702694,-7.25465],[112.703452,-7.254221],[112.70353,-7.254735],[112.70365,-7.254711],[112.703662,-7.254782],[112.704103,-7.254715],[112.705172,-7.254763],[112.705172,-7.254706],[112.705281,-7.254698],[112.705283,-7.25463],[112.705737,-7.254507],[112.706146,-7.254306],[112.706882,-7.254242],[112.706899,-7.254129],[112.707,-7.254129],[112.707011,-7.254044],[112.707275,-7.254031],[112.707261,-7.254098],[112.707369,-7.254113],[112.708466,-7.253839],[112.708435,-7.253576],[112.709303,-7.253583],[112.709316,-7.254375],[112.709828,-7.254435],[112.709962,-7.253466],[112.709877,-7.253451],[112.709876,-7.25338],[112.710124,-7.253152],[112.710048,-7.253075],[112.710291,-7.252676],[112.710339,-7.252532],[112.710294,-7.252505],[112.710349,-7.252379],[112.710437,-7.25241],[112.71049,-7.252253],[112.710545,-7.252253],[112.710495,-7.252652],[112.710589,-7.252672],[112.710619,-7.252776],[112.710757,-7.252795],[112.710735,-7.252931],[112.711462,-7.253197],[112.711484,-7.253165],[112.711647,-7.253203],[112.711772,-7.253293],[112.711921,-7.253561],[112.71207,-7.253628],[112.712126,-7.253618],[112.712138,-7.253542],[112.712245,-7.253551],[112.712258,-7.253663],[112.712412,-7.253691],[112.712651,-7.253643],[112.71267,-7.253561],[112.71289,-7.253601],[112.712909,-7.253837],[112.712486,-7.253954],[112.712311,-7.25407],[112.712465,-7.254361],[112.712675,-7.255047],[112.712752,-7.255156],[112.713091,-7.255247],[112.71317,-7.255309],[112.713358,-7.255459],[112.713603,-7.255784],[112.713949,-7.255928],[112.714101,-7.255931],[112.714365,-7.256133],[112.714029,-7.257971],[112.713381,-7.262117],[112.712932,-7.265409],[112.712771,-7.26635],[112.712973,-7.266396],[112.712858,-7.267084],[112.713898,-7.267291],[112.713744,-7.268266],[112.713508,-7.268201],[112.713306,-7.269276],[112.713104,-7.269717],[112.713027,-7.269836],[112.711826,-7.269406],[112.711671,-7.269263],[112.711474,-7.269823],[112.711395,-7.270495],[112.711083,-7.271348],[112.710626,-7.273224],[112.708744,-7.272988],[112.708558,-7.275729],[112.70806,-7.275813],[112.708189,-7.276554],[112.708206,-7.277427],[112.707949,-7.279207],[112.706673,-7.278732],[112.706525,-7.278646],[112.706277,-7.278422],[112.705088,-7.276996],[112.701322,-7.280114],[112.701786,-7.280688],[112.701299,-7.281094],[112.701695,-7.281572],[112.700415,-7.282658],[112.700812,-7.283141],[112.700225,-7.283617],[112.70124,-7.284832],[112.701798,-7.284375],[112.702116,-7.284627],[112.702176,-7.284637],[112.702174,-7.284914],[112.701816,-7.285188],[112.701929,-7.285327],[112.704632,-7.283093],[112.704672,-7.283201],[112.704961,-7.283146],[112.706818,-7.283584],[112.707493,-7.283644],[112.707302,-7.284469],[112.707957,-7.284622],[112.707088,-7.288345],[112.706763,-7.288315],[112.706148,-7.288402],[112.705352,-7.289961],[112.705054,-7.291155],[112.704794,-7.291123],[112.704496,-7.291644],[112.704457,-7.291812],[112.703786,-7.292404],[112.703689,-7.29238],[112.703553,-7.292761],[112.703171,-7.292422],[112.703045,-7.292714],[112.702835,-7.292637],[112.702857,-7.292576],[112.702327,-7.292302],[112.70235,-7.292218],[112.702098,-7.292092],[112.70177,-7.293524],[112.698345,-7.291778],[112.69777,-7.291419],[112.696355,-7.290683],[112.696372,-7.290641],[112.694122,-7.289441],[112.694653,-7.287938],[112.694713,-7.287176],[112.694881,-7.286392],[112.694284,-7.286337],[112.694636,-7.284954],[112.694748,-7.284985],[112.694974,-7.283719],[112.696836,-7.282191],[112.696279,-7.281545],[112.697221,-7.28074],[112.695694,-7.27895],[112.695857,-7.278826],[112.69571,-7.278666],[112.695602,-7.278672],[112.694716,-7.279412],[112.694464,-7.27907],[112.693956,-7.279505],[112.693718,-7.279255],[112.694066,-7.278806],[112.69366,-7.278547],[112.693667,-7.278341],[112.691233,-7.278112],[112.690948,-7.278054],[112.690832,-7.278155],[112.690825,-7.278396],[112.690738,-7.278467],[112.690074,-7.277677],[112.689959,-7.277766],[112.689801,-7.277567],[112.688735,-7.278436],[112.688482,-7.278102],[112.687741,-7.278724],[112.687365,-7.27827],[112.686996,-7.278576],[112.68533,-7.276551],[112.68544,-7.275132],[112.684451,-7.275066],[112.684485,-7.274696],[112.684634,-7.274166],[112.68513,-7.274211],[112.685219,-7.273471],[112.685369,-7.273507],[112.685424,-7.272891],[112.685468,-7.272765],[112.685444,-7.272534],[112.685982,-7.26671],[112.686164,-7.266678],[112.686222,-7.266633],[112.68627,-7.266266],[112.687483,-7.266375],[112.687871,-7.262238],[112.688563,-7.26247],[112.688765,-7.262019],[112.68862,-7.261976],[112.688679,-7.2618],[112.68885,-7.261849],[112.688933,-7.261417],[112.688877,-7.261408],[112.688857,-7.261356],[112.688834,-7.26091],[112.689001,-7.25992],[112.689155,-7.259388],[112.689218,-7.259405],[112.689333,-7.258978],[112.689384,-7.258747],[112.68925,-7.258766],[112.689604,-7.257527],[112.689643,-7.257266],[112.689993,-7.257343],[112.690888,-7.254511],[112.691637,-7.254651],[112.692096,-7.252869],[112.692074,-7.252782],[112.692263,-7.25163],[112.692767,-7.246954],[112.69474,-7.24717]]]]}},{"type":"Feature","id":"35.78.26","properties":{"name":"MULYOREJO","code":"35.78.26","area":17.37,"legalBasis":"Peraturan Walikota Surabaya Nomor 26 Tahun 2023"},"geometry":{"type":"MultiPolygon","coordinates":[[[[112.771955,-7.285335],[112.77347,-7.285513],[112.773509,-7.285386],[112.773671,-7.285434],[112.773152,-7.287208],[112.772595,-7.288754],[112.77243,-7.289406],[112.770682,-7.289544],[112.771166,-7.287633],[112.771456,-7.285503],[112.771942,-7.285549],[112.771955,-7.285335]]],[[[112.833554,-7.259752],[112.833588,-7.25988],[112.833859,-7.26026],[112.834505,-7.261417],[112.834683,-7.261468],[112.834743,-7.261534],[112.834746,-7.261685],[112.83485,-7.261818],[112.834839,-7.261964],[112.834898,-7.262011],[112.834901,-7.262201],[112.834967,-7.262284],[112.835078,-7.262307],[112.835115,-7.262361],[112.83508,-7.262711],[112.835116,-7.262779],[112.835275,-7.26288],[112.835542,-7.263487],[112.835641,-7.263888],[112.83576,-7.264106],[112.83578,-7.264361],[112.835911,-7.264749],[112.835888,-7.264882],[112.835961,-7.265259],[112.835947,-7.265404],[112.83606,-7.265572],[112.8361,-7.265957],[112.836168,-7.266145],[112.8361,-7.266358],[112.836432,-7.26648],[112.836482,-7.266667],[112.836591,-7.2668],[112.836617,-7.26705],[112.836827,-7.267144],[112.83684,-7.267351],[112.836747,-7.267458],[112.835758,-7.267525],[112.835275,-7.267604],[112.831847,-7.268338],[112.831447,-7.268478],[112.830699,-7.268864],[112.830158,-7.269015],[112.8291,-7.269244],[112.827799,-7.269613],[112.825587,-7.270033],[112.822986,-7.270995],[112.82259,-7.271241],[112.821752,-7.271381],[112.819794,-7.271795],[112.819006,-7.271976],[112.818557,-7.272134],[112.816733,-7.273444],[112.816165,-7.274504],[112.81441,-7.277013],[112.813679,-7.277671],[112.813053,-7.278427],[112.812825,-7.278844],[112.812276,-7.280168],[112.811993,-7.280698],[112.811803,-7.280932],[112.811271,-7.281308],[112.810898,-7.281513],[112.810533,-7.2817],[112.809143,-7.282259],[112.808115,-7.282899],[112.807709,-7.283162],[112.806538,-7.284219],[112.806313,-7.284379],[112.805164,-7.28464],[112.80387,-7.285126],[112.803629,-7.28518],[112.802221,-7.284917],[112.802158,-7.284996],[112.802041,-7.284982],[112.802065,-7.284877],[112.802005,-7.284849],[112.802035,-7.284706],[112.801671,-7.284577],[112.800995,-7.284469],[112.800668,-7.284359],[112.801022,-7.283508],[112.800946,-7.283228],[112.801203,-7.282891],[112.801304,-7.282605],[112.801368,-7.280611],[112.801218,-7.27993],[112.800935,-7.279934],[112.800536,-7.278696],[112.7994,-7.274347],[112.798397,-7.27439],[112.797996,-7.274522],[112.797927,-7.274434],[112.797804,-7.274437],[112.796765,-7.274733],[112.79407,-7.275348],[112.79158,-7.275859],[112.789829,-7.276299],[112.789668,-7.276233],[112.788472,-7.276498],[112.786247,-7.276855],[112.786186,-7.276508],[112.783888,-7.27697],[112.784328,-7.280137],[112.786052,-7.279888],[112.786136,-7.280518],[112.785955,-7.281835],[112.785854,-7.281892],[112.785763,-7.282035],[112.785263,-7.284152],[112.78518,-7.284245],[112.784032,-7.284246],[112.784023,-7.284427],[112.781796,-7.284618],[112.78183,-7.282612],[112.781465,-7.282613],[112.781467,-7.281998],[112.778032,-7.282343],[112.776587,-7.282309],[112.776493,-7.28224],[112.776361,-7.282214],[112.774194,-7.281904],[112.773231,-7.281709],[112.772417,-7.281488],[112.770602,-7.281183],[112.770561,-7.281213],[112.770429,-7.281988],[112.770208,-7.281994],[112.769788,-7.283339],[112.769526,-7.284795],[112.76948,-7.284792],[112.769422,-7.285277],[112.767711,-7.285101],[112.766643,-7.285094],[112.76548,-7.284922],[112.76542,-7.285411],[112.765144,-7.285371],[112.764943,-7.287103],[112.764539,-7.287014],[112.764274,-7.288201],[112.764392,-7.288249],[112.764371,-7.2883],[112.764284,-7.288264],[112.764176,-7.288594],[112.763881,-7.28852],[112.763794,-7.288714],[112.763753,-7.289047],[112.763583,-7.289306],[112.763554,-7.28985],[112.763266,-7.290166],[112.763121,-7.290401],[112.762803,-7.290375],[112.76329,-7.28765],[112.762635,-7.285008],[112.762577,-7.284632],[112.7623,-7.28377],[112.762131,-7.28292],[112.762199,-7.280052],[112.762287,-7.279176],[112.762343,-7.277204],[112.764699,-7.277437],[112.764347,-7.279652],[112.768564,-7.280158],[112.772147,-7.280477],[112.772966,-7.27438],[112.774216,-7.26843],[112.774375,-7.268438],[112.77444,-7.268103],[112.774987,-7.268082],[112.774993,-7.267458],[112.775173,-7.266877],[112.775755,-7.26697],[112.775874,-7.266472],[112.776154,-7.266552],[112.776735,-7.266624],[112.776764,-7.266542],[112.776844,-7.266541],[112.776825,-7.266359],[112.77687,-7.266355],[112.777101,-7.266569],[112.777432,-7.266631],[112.777455,-7.266479],[112.777667,-7.266532],[112.777573,-7.266979],[112.777826,-7.267047],[112.777927,-7.266344],[112.778077,-7.266241],[112.77811,-7.266061],[112.777892,-7.266014],[112.777991,-7.265559],[112.777884,-7.265529],[112.777892,-7.265471],[112.7778,-7.265454],[112.777804,-7.265419],[112.777652,-7.265337],[112.777455,-7.265295],[112.777443,-7.265343],[112.777228,-7.265311],[112.777186,-7.265468],[112.776854,-7.265328],[112.776646,-7.265166],[112.776567,-7.265034],[112.776567,-7.264877],[112.776652,-7.264764],[112.77662,-7.264655],[112.776483,-7.264586],[112.776287,-7.264691],[112.776398,-7.264105],[112.776858,-7.26413],[112.776877,-7.264041],[112.777138,-7.263914],[112.777796,-7.263787],[112.77803,-7.263616],[112.77828,-7.263216],[112.776412,-7.262307],[112.776314,-7.262229],[112.775993,-7.262137],[112.775582,-7.261932],[112.77511,-7.26275],[112.774946,-7.26268],[112.774603,-7.262398],[112.774262,-7.262651],[112.774168,-7.262667],[112.773917,-7.262576],[112.774062,-7.261875],[112.774481,-7.261188],[112.774339,-7.260972],[112.774324,-7.260877],[112.774591,-7.26025],[112.774844,-7.259789],[112.775027,-7.259613],[112.774965,-7.259385],[112.775002,-7.259292],[112.775114,-7.259227],[112.775234,-7.25925],[112.775334,-7.258881],[112.775425,-7.258764],[112.775574,-7.25867],[112.775996,-7.258609],[112.776305,-7.258678],[112.777969,-7.254316],[112.780977,-7.254879],[112.782062,-7.253565],[112.782283,-7.253268],[112.780754,-7.252793],[112.780455,-7.252655],[112.78032,-7.252519],[112.78037,-7.252468],[112.780408,-7.252294],[112.780506,-7.252232],[112.780544,-7.252122],[112.780645,-7.252215],[112.78333,-7.249712],[112.783648,-7.248943],[112.786326,-7.24941],[112.78652,-7.24948],[112.786651,-7.249583],[112.786724,-7.249699],[112.787463,-7.249949],[112.787607,-7.249324],[112.788228,-7.24948],[112.7882,-7.249586],[112.788402,-7.24966],[112.788787,-7.247975],[112.78938,-7.248027],[112.789444,-7.24785],[112.789931,-7.247892],[112.789981,-7.247953],[112.792831,-7.248209],[112.79263,-7.251201],[112.791538,-7.250997],[112.791494,-7.25124],[112.791967,-7.251366],[112.791843,-7.25193],[112.795212,-7.252847],[112.795549,-7.252883],[112.796656,-7.253178],[112.797067,-7.253367],[112.797615,-7.253473],[112.799697,-7.254095],[112.801452,-7.254553],[112.802227,-7.254811],[112.802658,-7.255019],[112.802991,-7.25512],[112.804097,-7.25532],[112.804157,-7.255377],[112.806445,-7.255767],[112.806562,-7.255739],[112.80664,-7.255664],[112.809967,-7.254467],[112.810239,-7.253954],[112.810637,-7.246893],[112.810992,-7.24657],[112.810815,-7.246299],[112.810762,-7.246066],[112.810775,-7.245632],[112.810883,-7.244798],[112.811073,-7.244722],[112.812185,-7.244711],[112.812916,-7.244839],[112.813651,-7.245007],[112.81504,-7.245717],[112.81515,-7.246054],[112.815351,-7.246033],[112.815408,-7.246113],[112.815398,-7.246972],[112.815468,-7.247257],[112.815503,-7.247278],[112.815572,-7.247265],[112.815594,-7.247203],[112.815576,-7.24652],[112.815672,-7.245874],[112.815842,-7.245791],[112.816754,-7.245869],[112.817607,-7.246064],[112.818053,-7.246348],[112.819209,-7.246963],[112.819942,-7.247508],[112.820434,-7.247983],[112.820417,-7.248213],[112.820468,-7.248334],[112.820842,-7.248377],[112.821516,-7.249096],[112.821676,-7.249292],[112.821702,-7.249455],[112.821691,-7.249605],[112.821609,-7.24973],[112.821603,-7.249839],[112.82176,-7.249733],[112.821902,-7.249696],[112.822106,-7.249714],[112.822438,-7.250012],[112.822674,-7.25044],[112.822705,-7.250555],[112.82268,-7.250888],[112.822454,-7.251296],[112.822066,-7.251644],[112.82203,-7.251719],[112.822096,-7.251708],[112.822871,-7.25109],[112.823051,-7.25109],[112.823346,-7.251198],[112.82399,-7.251948],[112.824318,-7.252599],[112.824342,-7.252724],[112.823993,-7.252851],[112.824001,-7.253089],[112.823943,-7.25312],[112.824074,-7.253196],[112.823976,-7.253364],[112.824082,-7.253377],[112.824092,-7.253435],[112.824067,-7.253476],[112.823939,-7.253503],[112.823762,-7.253461],[112.823768,-7.253561],[112.823847,-7.253617],[112.823785,-7.253719],[112.823978,-7.254037],[112.824138,-7.254219],[112.824184,-7.254235],[112.824187,-7.254123],[112.824367,-7.254137],[112.824418,-7.254163],[112.824464,-7.254316],[112.824589,-7.254379],[112.824517,-7.254717],[112.824367,-7.254955],[112.824507,-7.254874],[112.824696,-7.254632],[112.824961,-7.254622],[112.824979,-7.254669],[112.825262,-7.254634],[112.825291,-7.254668],[112.825244,-7.254839],[112.825357,-7.254839],[112.825555,-7.255036],[112.825748,-7.255043],[112.825835,-7.255131],[112.825844,-7.255251],[112.826043,-7.255321],[112.826123,-7.2553],[112.826189,-7.255387],[112.826183,-7.255454],[112.826251,-7.25551],[112.826337,-7.255474],[112.82642,-7.255491],[112.826373,-7.255383],[112.826394,-7.255181],[112.826735,-7.255228],[112.826874,-7.255366],[112.826919,-7.255527],[112.826587,-7.255566],[112.82662,-7.255683],[112.82653,-7.255772],[112.8267,-7.255857],[112.826704,-7.256001],[112.82685,-7.25607],[112.826916,-7.256012],[112.826944,-7.25614],[112.827005,-7.256209],[112.827211,-7.256248],[112.827269,-7.256405],[112.827365,-7.256324],[112.827332,-7.256287],[112.827345,-7.256225],[112.827514,-7.25625],[112.827478,-7.256343],[112.827507,-7.256489],[112.827579,-7.256491],[112.827612,-7.256391],[112.82769,-7.256393],[112.827664,-7.256501],[112.827595,-7.256543],[112.827582,-7.256637],[112.827705,-7.256675],[112.827702,-7.256759],[112.827885,-7.256712],[112.827815,-7.256641],[112.827936,-7.256597],[112.827956,-7.256719],[112.827908,-7.256753],[112.827904,-7.256818],[112.828122,-7.256792],[112.828156,-7.256878],[112.828342,-7.257013],[112.828412,-7.257019],[112.828399,-7.257119],[112.82861,-7.257267],[112.828867,-7.257363],[112.828896,-7.257477],[112.829,-7.257502],[112.82903,-7.257416],[112.829099,-7.257439],[112.829115,-7.257363],[112.829233,-7.257248],[112.829478,-7.25733],[112.829417,-7.257599],[112.829292,-7.257608],[112.829294,-7.257824],[112.829406,-7.257784],[112.829457,-7.257818],[112.829453,-7.257886],[112.829533,-7.257937],[112.829625,-7.257922],[112.830359,-7.258243],[112.830472,-7.258358],[112.831032,-7.258432],[112.831211,-7.258512],[112.831329,-7.25865],[112.831392,-7.25883],[112.831739,-7.258827],[112.831799,-7.258725],[112.832191,-7.258742],[112.832521,-7.259003],[112.832647,-7.259033],[112.833377,-7.2595],[112.833554,-7.259752]]]]}},{"type":"Feature","id":"35.78.15","properties":{"name":"KREMBANGAN","code":"35.78.15","area":0,"legalBasis":"Belum ada penegasan batas wilayah"},"geometry":{"type":"MultiPolygon","coordinates":[[[[112.707892,-7.230724],[112.70761,-7.230788],[112.70746,-7.230742],[112.707206,-7.230571],[112.707078,-7.230345],[112.70707,-7.229747],[112.707132,-7.229404],[112.707025,-7.228813],[112.707001,-7.227906],[112.706947,-7.227627],[112.706759,-7.227269],[112.706056,-7.226596],[112.705908,-7.226385],[112.705857,-7.226214],[112.705853,-7.226023],[112.706171,-7.22507],[112.706134,-7.224531],[112.706154,-7.223495],[112.706807,-7.2234],[112.706786,-7.223322],[112.706863,-7.22328],[112.706882,-7.223209],[112.707083,-7.223122],[112.707201,-7.223114],[112.707155,-7.222997],[112.707205,-7.222908],[112.707319,-7.222921],[112.707587,-7.223138],[112.70757,-7.223341],[112.707717,-7.223348],[112.707883,-7.223302],[112.707954,-7.223363],[112.708083,-7.223378],[112.70814,-7.223339],[112.708229,-7.223374],[112.708311,-7.223312],[112.708384,-7.223325],[112.7084,-7.223287],[112.708474,-7.223297],[112.708552,-7.223242],[112.708607,-7.22325],[112.70878,-7.22341],[112.708736,-7.223252],[112.70877,-7.223039],[112.708989,-7.223045],[112.70902,-7.222834],[112.708974,-7.222818],[112.708969,-7.222591],[112.708894,-7.22234],[112.708929,-7.222125],[112.709086,-7.221924],[112.709214,-7.221851],[112.709284,-7.221675],[112.709395,-7.221584],[112.709953,-7.221343],[112.710429,-7.221206],[112.710436,-7.221041],[112.710553,-7.220667],[112.710061,-7.220453],[112.709947,-7.220093],[112.709824,-7.21985],[112.709768,-7.219547],[112.7094,-7.218632],[112.709129,-7.218082],[112.709111,-7.218015],[112.709167,-7.217795],[112.709497,-7.21759],[112.709963,-7.217516],[112.710195,-7.217533],[112.710149,-7.217379],[112.710312,-7.217319],[112.710373,-7.217476],[112.713264,-7.216568],[112.713043,-7.215851],[112.713263,-7.215741],[112.71327,-7.215667],[112.713348,-7.215711],[112.713339,-7.215655],[112.713259,-7.215617],[112.713313,-7.215586],[112.713339,-7.215618],[112.713366,-7.21557],[112.713332,-7.215484],[112.713381,-7.215487],[112.713419,-7.215411],[112.713508,-7.215396],[112.713459,-7.215365],[112.713469,-7.215332],[112.713572,-7.21535],[112.713606,-7.215257],[112.713643,-7.215286],[112.71365,-7.215226],[112.713723,-7.215229],[112.713762,-7.215166],[112.71388,-7.215202],[112.713813,-7.215101],[112.713878,-7.21506],[112.713865,-7.215017],[112.713789,-7.214963],[112.713878,-7.21494],[112.713915,-7.214829],[112.713969,-7.214839],[112.713941,-7.214792],[112.713974,-7.214672],[112.713922,-7.214655],[112.713981,-7.214584],[112.713906,-7.214542],[112.713882,-7.214474],[112.714015,-7.214454],[112.713947,-7.214388],[112.714037,-7.214387],[112.714016,-7.214297],[112.714054,-7.214239],[112.71402,-7.214197],[112.714066,-7.214176],[112.714095,-7.214026],[112.714055,-7.213995],[112.714165,-7.213914],[112.714089,-7.2137],[112.714182,-7.2136],[112.714266,-7.213582],[112.714198,-7.21356],[112.714228,-7.2135],[112.714293,-7.213478],[112.714327,-7.213505],[112.714273,-7.213434],[112.714328,-7.21333],[112.714379,-7.21335],[112.714356,-7.213249],[112.714407,-7.213239],[112.714395,-7.213136],[112.714436,-7.213129],[112.714439,-7.212999],[112.714486,-7.212914],[112.714563,-7.212939],[112.714587,-7.212898],[112.714561,-7.212679],[112.714512,-7.21266],[112.714544,-7.212627],[112.714521,-7.212539],[112.714677,-7.212142],[112.714654,-7.212077],[112.714724,-7.211831],[112.714693,-7.21179],[112.714759,-7.211736],[112.714745,-7.211635],[112.714835,-7.211574],[112.714836,-7.211518],[112.714772,-7.211492],[112.714861,-7.211395],[112.714812,-7.21134],[112.714834,-7.211202],[112.714884,-7.211179],[112.714919,-7.211081],[112.714881,-7.211064],[112.714849,-7.211119],[112.714801,-7.211085],[112.714869,-7.211037],[112.714797,-7.210884],[112.714874,-7.210847],[112.714804,-7.210798],[112.714843,-7.210749],[112.714776,-7.210677],[112.714823,-7.210659],[112.714637,-7.210389],[112.714613,-7.210209],[112.714544,-7.210077],[112.714531,-7.209988],[112.714576,-7.209935],[112.714562,-7.209653],[112.714473,-7.209528],[112.714347,-7.209448],[112.714316,-7.209222],[112.714099,-7.209092],[112.713754,-7.209168],[112.713472,-7.209121],[112.713243,-7.208992],[112.712894,-7.208923],[112.712789,-7.208816],[112.712558,-7.208252],[112.712576,-7.20808],[112.712746,-7.207967],[112.712768,-7.207871],[112.712681,-7.207818],[112.712679,-7.207772],[112.712737,-7.207725],[112.712822,-7.207754],[112.712783,-7.207591],[112.71286,-7.207574],[112.712952,-7.207473],[112.712974,-7.207375],[112.713104,-7.207348],[112.713237,-7.207242],[112.713363,-7.207238],[112.713401,-7.207193],[112.713715,-7.207116],[112.713909,-7.20714],[112.713988,-7.207275],[112.714159,-7.207343],[112.714744,-7.207375],[112.715014,-7.207319],[112.715297,-7.207382],[112.715832,-7.207268],[112.716017,-7.207271],[112.71613,-7.207218],[112.716334,-7.207232],[112.716845,-7.207018],[112.717455,-7.206842],[112.717663,-7.20685],[112.718179,-7.206746],[112.718274,-7.206816],[112.718554,-7.206767],[112.718665,-7.206493],[112.71874,-7.206474],[112.718921,-7.206809],[112.719044,-7.206821],[112.719093,-7.206884],[112.719191,-7.207191],[112.719144,-7.207291],[112.719169,-7.207366],[112.719312,-7.207492],[112.719326,-7.207595],[112.719616,-7.208007],[112.719778,-7.20834],[112.719836,-7.208356],[112.720179,-7.209121],[112.720213,-7.20928],[112.720598,-7.210034],[112.720796,-7.210108],[112.721233,-7.210155],[112.721854,-7.210824],[112.722037,-7.211269],[112.7222,-7.211192],[112.72166,-7.210144],[112.72147,-7.210044],[112.721397,-7.20995],[112.721264,-7.209988],[112.721197,-7.209954],[112.721283,-7.209532],[112.72148,-7.209497],[112.721473,-7.209331],[112.721211,-7.209341],[112.721188,-7.209237],[112.722341,-7.208698],[112.723256,-7.210585],[112.725588,-7.215663],[112.725781,-7.216031],[112.726248,-7.21664],[112.726654,-7.21709],[112.72709,-7.217474],[112.727636,-7.217846],[112.729004,-7.218596],[112.729302,-7.218815],[112.730553,-7.220255],[112.731063,-7.221316],[112.731579,-7.220896],[112.731792,-7.221379],[112.731985,-7.221386],[112.732005,-7.221235],[112.732422,-7.221281],[112.732078,-7.223937],[112.731752,-7.225081],[112.729586,-7.229761],[112.728375,-7.231988],[112.728429,-7.232435],[112.728687,-7.232707],[112.730509,-7.234261],[112.730769,-7.234437],[112.730909,-7.234375],[112.731079,-7.23245],[112.731268,-7.232418],[112.73526,-7.23399],[112.735442,-7.232867],[112.735439,-7.232633],[112.734879,-7.232548],[112.734316,-7.232351],[112.734577,-7.231328],[112.73482,-7.230672],[112.736512,-7.231177],[112.737625,-7.2314],[112.737682,-7.231442],[112.737676,-7.231635],[112.738229,-7.23158],[112.73827,-7.232238],[112.738428,-7.232899],[112.738594,-7.233331],[112.738875,-7.234298],[112.738831,-7.234756],[112.737828,-7.238204],[112.737772,-7.238585],[112.737876,-7.239068],[112.73801,-7.239421],[112.738547,-7.24034],[112.738668,-7.240458],[112.738827,-7.240709],[112.739021,-7.241573],[112.739133,-7.242419],[112.739563,-7.243094],[112.739703,-7.243251],[112.740003,-7.243486],[112.740759,-7.243694],[112.741772,-7.24369],[112.742258,-7.243739],[112.742553,-7.243964],[112.742621,-7.244097],[112.742131,-7.244125],[112.741783,-7.244198],[112.740321,-7.244807],[112.739832,-7.24497],[112.739102,-7.245108],[112.738347,-7.24511],[112.737388,-7.244944],[112.734297,-7.244219],[112.733017,-7.244031],[112.729505,-7.243181],[112.728513,-7.242785],[112.728075,-7.242502],[112.727591,-7.242051],[112.727028,-7.24132],[112.726644,-7.240552],[112.726308,-7.239393],[112.726289,-7.238702],[112.726454,-7.23789],[112.724482,-7.237216],[112.720593,-7.236122],[112.720423,-7.236995],[112.720427,-7.237327],[112.72094,-7.245066],[112.720878,-7.247157],[112.717619,-7.247075],[112.717266,-7.246874],[112.717737,-7.245962],[112.717742,-7.245546],[112.717461,-7.244073],[112.717221,-7.243385],[112.716967,-7.242902],[112.71674,-7.24289],[112.71654,-7.242816],[112.716481,-7.242866],[112.716267,-7.242919],[112.716026,-7.242901],[112.71568,-7.242961],[112.715261,-7.242908],[112.71483,-7.242709],[112.71474,-7.2427],[112.714485,-7.242779],[112.714441,-7.242681],[112.714386,-7.242691],[112.714296,-7.242301],[112.714343,-7.241961],[112.714477,-7.241465],[112.713939,-7.241194],[112.713273,-7.241168],[112.713431,-7.240976],[112.713671,-7.240558],[112.713808,-7.240408],[112.71387,-7.240043],[112.714005,-7.239855],[112.713604,-7.239569],[112.713338,-7.239152],[112.71303,-7.239533],[112.713092,-7.23958],[112.712528,-7.24041],[112.712478,-7.240392],[112.712429,-7.240568],[112.712331,-7.240676],[112.712163,-7.240645],[112.711673,-7.240419],[112.711554,-7.240263],[112.711545,-7.240054],[112.711264,-7.239976],[112.711127,-7.240025],[112.710815,-7.240586],[112.710679,-7.24058],[112.710596,-7.240624],[112.710385,-7.240943],[112.710243,-7.240926],[112.710116,-7.240837],[112.7101,-7.240603],[112.710143,-7.240564],[112.710144,-7.240444],[112.71027,-7.240339],[112.710268,-7.240195],[112.710202,-7.240001],[112.709886,-7.239644],[112.709608,-7.239149],[112.709574,-7.239051],[112.709577,-7.238309],[112.709303,-7.237951],[112.709196,-7.237868],[112.70913,-7.237709],[112.709138,-7.237605],[112.709189,-7.237518],[112.709319,-7.237448],[112.709623,-7.237533],[112.709985,-7.237786],[112.710138,-7.238025],[112.710346,-7.238102],[112.710731,-7.23812],[112.711121,-7.237972],[112.711306,-7.237611],[112.71127,-7.236997],[112.711303,-7.236869],[112.711207,-7.236473],[112.711222,-7.236319],[112.711104,-7.235945],[112.710972,-7.235808],[112.710687,-7.235737],[112.710286,-7.235807],[112.709689,-7.236089],[112.709423,-7.236264],[112.709406,-7.236315],[112.708842,-7.23653],[112.708295,-7.236655],[112.70814,-7.236597],[112.70804,-7.236492],[112.70794,-7.236204],[112.707937,-7.23596],[112.708018,-7.235509],[112.708177,-7.235045],[112.708162,-7.234812],[112.70821,-7.234735],[112.708295,-7.23434],[112.708264,-7.233941],[112.708333,-7.233619],[112.708451,-7.2334],[112.709094,-7.232499],[112.709453,-7.232377],[112.709858,-7.232406],[112.710311,-7.23233],[112.710351,-7.23225],[112.710342,-7.232137],[112.71019,-7.23168],[112.709875,-7.231299],[112.709822,-7.231181],[112.709646,-7.231013],[112.709602,-7.230878],[112.709353,-7.23069],[112.708979,-7.230569],[112.70849,-7.230633],[112.708235,-7.230561],[112.708018,-7.230614],[112.707973,-7.230691],[112.707892,-7.230724]]]]}},{"type":"Feature","id":"35.78.28","properties":{"name":"ASEM ROWO","code":"35.78.28","area":0,"legalBasis":"Belum ada penegasan batas wilayah"},"geometry":{"type":"MultiPolygon","coordinates":[[[[112.707132,-7.229404],[112.707074,-7.229692],[112.707067,-7.230283],[112.707245,-7.230607],[112.707575,-7.230788],[112.707892,-7.230724],[112.707973,-7.230691],[112.708018,-7.230614],[112.708235,-7.230561],[112.70849,-7.230633],[112.708979,-7.230569],[112.709353,-7.23069],[112.709602,-7.230878],[112.709646,-7.231013],[112.709822,-7.231181],[112.710254,-7.231796],[112.710243,-7.231879],[112.710342,-7.232137],[112.710331,-7.232324],[112.709858,-7.232406],[112.709453,-7.232377],[112.709094,-7.232499],[112.708358,-7.233551],[112.708264,-7.233941],[112.708302,-7.234271],[112.70821,-7.234735],[112.708162,-7.234812],[112.708177,-7.235045],[112.708018,-7.235509],[112.707937,-7.23596],[112.70794,-7.236204],[112.70804,-7.236492],[112.70814,-7.236597],[112.708295,-7.236655],[112.708842,-7.23653],[112.709406,-7.236315],[112.709423,-7.236264],[112.709689,-7.236089],[112.710286,-7.235807],[112.710687,-7.235737],[112.710972,-7.235808],[112.711104,-7.235945],[112.711222,-7.236319],[112.711207,-7.236473],[112.711303,-7.236869],[112.71127,-7.236997],[112.711306,-7.237611],[112.711121,-7.237972],[112.710731,-7.23812],[112.710346,-7.238102],[112.710138,-7.238025],[112.709985,-7.237786],[112.709623,-7.237533],[112.709319,-7.237448],[112.709189,-7.237518],[112.709138,-7.237605],[112.70913,-7.237709],[112.709196,-7.237868],[112.709303,-7.237951],[112.709577,-7.238309],[112.709574,-7.239051],[112.709608,-7.239149],[112.709886,-7.239644],[112.710202,-7.240001],[112.710268,-7.240195],[112.71027,-7.240339],[112.710144,-7.240444],[112.710143,-7.240564],[112.7101,-7.240603],[112.710116,-7.240837],[112.710243,-7.240926],[112.710385,-7.240943],[112.710596,-7.240624],[112.710679,-7.24058],[112.710815,-7.240586],[112.711127,-7.240025],[112.711264,-7.239976],[112.711545,-7.240054],[112.711554,-7.240263],[112.711673,-7.240419],[112.712163,-7.240645],[112.712331,-7.240676],[112.712429,-7.240568],[112.712478,-7.240392],[112.712528,-7.24041],[112.713092,-7.23958],[112.71303,-7.239533],[112.713338,-7.239152],[112.713604,-7.239569],[112.714005,-7.239855],[112.71387,-7.240043],[112.713808,-7.240408],[112.713671,-7.240558],[112.713431,-7.240976],[112.713273,-7.241168],[112.713939,-7.241194],[112.714477,-7.241465],[112.714343,-7.241961],[112.714296,-7.242301],[112.714386,-7.242691],[112.714441,-7.242681],[112.714485,-7.242779],[112.71474,-7.2427],[112.71483,-7.242709],[112.715261,-7.242908],[112.71568,-7.242961],[112.716026,-7.242901],[112.716267,-7.242919],[112.716481,-7.242866],[112.71654,-7.242816],[112.71674,-7.24289],[112.716967,-7.242902],[112.717221,-7.243385],[112.717461,-7.244073],[112.717742,-7.245546],[112.717737,-7.245962],[112.717087,-7.247199],[112.71675,-7.247654],[112.716167,-7.248911],[112.715705,-7.25017],[112.715859,-7.250956],[112.715847,-7.252151],[112.715092,-7.255045],[112.71477,-7.25496],[112.714804,-7.25482],[112.714733,-7.25477],[112.714719,-7.254703],[112.71479,-7.254504],[112.714713,-7.254402],[112.714527,-7.254281],[112.714359,-7.254228],[112.71404,-7.254222],[112.713476,-7.253942],[112.713375,-7.253936],[112.713295,-7.253937],[112.713399,-7.254207],[112.712549,-7.254215],[112.712555,-7.254354],[112.712739,-7.254998],[112.713252,-7.255265],[112.713679,-7.255781],[112.713806,-7.255841],[112.714038,-7.255871],[112.714173,-7.255944],[112.714239,-7.255785],[112.714862,-7.255964],[112.714787,-7.256295],[112.714712,-7.256365],[112.714101,-7.255931],[112.713949,-7.255928],[112.713603,-7.255784],[112.713358,-7.255459],[112.71317,-7.255309],[112.713091,-7.255247],[112.712752,-7.255156],[112.712675,-7.255047],[112.712465,-7.254361],[112.712311,-7.25407],[112.712486,-7.253954],[112.712909,-7.253837],[112.71289,-7.253601],[112.71267,-7.253561],[112.712651,-7.253643],[112.712412,-7.253691],[112.712258,-7.253663],[112.712245,-7.253551],[112.712138,-7.253542],[112.712126,-7.253618],[112.71207,-7.253628],[112.711921,-7.253561],[112.711772,-7.253293],[112.711647,-7.253203],[112.711484,-7.253165],[112.711462,-7.253197],[112.710735,-7.252931],[112.710757,-7.252795],[112.710619,-7.252776],[112.710589,-7.252672],[112.710495,-7.252652],[112.710545,-7.252253],[112.71049,-7.252253],[112.710437,-7.25241],[112.710349,-7.252379],[112.710294,-7.252505],[112.710339,-7.252532],[112.710291,-7.252676],[112.710048,-7.253075],[112.710124,-7.253152],[112.709876,-7.25338],[112.709877,-7.253451],[112.709962,-7.253466],[112.709828,-7.254435],[112.709316,-7.254375],[112.709303,-7.253583],[112.708435,-7.253576],[112.708466,-7.253839],[112.707369,-7.254113],[112.707261,-7.254098],[112.707275,-7.254031],[112.707011,-7.254044],[112.707,-7.254129],[112.706899,-7.254129],[112.706882,-7.254242],[112.706146,-7.254306],[112.705737,-7.254507],[112.705283,-7.25463],[112.705281,-7.254698],[112.705172,-7.254706],[112.705172,-7.254763],[112.704103,-7.254715],[112.703662,-7.254782],[112.70365,-7.254711],[112.70353,-7.254735],[112.703452,-7.254221],[112.702694,-7.25465],[112.702395,-7.254304],[112.702356,-7.254203],[112.702314,-7.254205],[112.702329,-7.253801],[112.702242,-7.253714],[112.701964,-7.253588],[112.701701,-7.25353],[112.70129,-7.253714],[112.701195,-7.253712],[112.701115,-7.253548],[112.701268,-7.25335],[112.701514,-7.253207],[112.701542,-7.253114],[112.701514,-7.252994],[112.701337,-7.252746],[112.701183,-7.252811],[112.700923,-7.252562],[112.700646,-7.252184],[112.700567,-7.251801],[112.700309,-7.251236],[112.700196,-7.250851],[112.700141,-7.250411],[112.700221,-7.250205],[112.700445,-7.250098],[112.700898,-7.250015],[112.701554,-7.249487],[112.701537,-7.249134],[112.701409,-7.248821],[112.701279,-7.248735],[112.701151,-7.248725],[112.700818,-7.248846],[112.700445,-7.248904],[112.700058,-7.249222],[112.699901,-7.249294],[112.699636,-7.249299],[112.699305,-7.249214],[112.698828,-7.249256],[112.698409,-7.249482],[112.698235,-7.249659],[112.698209,-7.249918],[112.698249,-7.250065],[112.698818,-7.250424],[112.698884,-7.250613],[112.698872,-7.250722],[112.698718,-7.250998],[112.698499,-7.251263],[112.698232,-7.251366],[112.697979,-7.251403],[112.697801,-7.251377],[112.697572,-7.251291],[112.697248,-7.250928],[112.697062,-7.250624],[112.696807,-7.250016],[112.696713,-7.249906],[112.696517,-7.249856],[112.69599,-7.249857],[112.695773,-7.249684],[112.695659,-7.249429],[112.695588,-7.249027],[112.695733,-7.248622],[112.695713,-7.248452],[112.69552,-7.248192],[112.695166,-7.247839],[112.694988,-7.248097],[112.69474,-7.24717],[112.692767,-7.246954],[112.692263,-7.25163],[112.692074,-7.252782],[112.692096,-7.252869],[112.691785,-7.254077],[112.689243,-7.253612],[112.689377,-7.252846],[112.688054,-7.252603],[112.68801,-7.252846],[112.687108,-7.252476],[112.686894,-7.252434],[112.686882,-7.252241],[112.686621,-7.251514],[112.685688,-7.251615],[112.685698,-7.250427],[112.684401,-7.25017],[112.684298,-7.250866],[112.683007,-7.250721],[112.683141,-7.250047],[112.682526,-7.24985],[112.681862,-7.249848],[112.678409,-7.249548],[112.678404,-7.24934],[112.678591,-7.248931],[112.679386,-7.247695],[112.679784,-7.247352],[112.67984,-7.246848],[112.67941,-7.246683],[112.679495,-7.246075],[112.678043,-7.245553],[112.678541,-7.24286],[112.67857,-7.239146],[112.678337,-7.239123],[112.677727,-7.23889],[112.677014,-7.238304],[112.675419,-7.237635],[112.675289,-7.238753],[112.674036,-7.238236],[112.673823,-7.238247],[112.673744,-7.238306],[112.673122,-7.239797],[112.672093,-7.239374],[112.672144,-7.239246],[112.672045,-7.239203],[112.671989,-7.239327],[112.670905,-7.23888],[112.670799,-7.239143],[112.670567,-7.239048],[112.670262,-7.239784],[112.669826,-7.239612],[112.669704,-7.239648],[112.669279,-7.240125],[112.669006,-7.240289],[112.668808,-7.240337],[112.668381,-7.240306],[112.664411,-7.238676],[112.664426,-7.238554],[112.664361,-7.238421],[112.664154,-7.23835],[112.663995,-7.238443],[112.66395,-7.238546],[112.663985,-7.238717],[112.664092,-7.238808],[112.663194,-7.240981],[112.661968,-7.240574],[112.659902,-7.239811],[112.659327,-7.23963],[112.659278,-7.239643],[112.659057,-7.239326],[112.659263,-7.239289],[112.659322,-7.239224],[112.659381,-7.23898],[112.659242,-7.238313],[112.659249,-7.238196],[112.659626,-7.237723],[112.659831,-7.237378],[112.66005,-7.237212],[112.660165,-7.237207],[112.660269,-7.23724],[112.660599,-7.237544],[112.660686,-7.237559],[112.66078,-7.237499],[112.660815,-7.237403],[112.660785,-7.237013],[112.660713,-7.236884],[112.660338,-7.236515],[112.660301,-7.236395],[112.660403,-7.236046],[112.660515,-7.235918],[112.660695,-7.235844],[112.661188,-7.235741],[112.661538,-7.235793],[112.662034,-7.235982],[112.662415,-7.236024],[112.662525,-7.235966],[112.66258,-7.235851],[112.662648,-7.235497],[112.662793,-7.235061],[112.662912,-7.234857],[112.662913,-7.234522],[112.662843,-7.234245],[112.662741,-7.234111],[112.662513,-7.233971],[112.662309,-7.233744],[112.662249,-7.233518],[112.662605,-7.23281],[112.66265,-7.232597],[112.662588,-7.231985],[112.662632,-7.231657],[112.662393,-7.23106],[112.661659,-7.230462],[112.661484,-7.23023],[112.661257,-7.229745],[112.661203,-7.229504],[112.661313,-7.228807],[112.66141,-7.228498],[112.661568,-7.228306],[112.662175,-7.228],[112.662407,-7.227956],[112.662982,-7.227964],[112.663336,-7.227802],[112.66347,-7.227666],[112.663645,-7.227076],[112.663757,-7.226286],[112.66361,-7.225397],[112.663604,-7.224993],[112.663962,-7.224802],[112.664124,-7.22435],[112.664137,-7.224185],[112.664045,-7.223845],[112.663783,-7.223566],[112.663723,-7.223413],[112.663719,-7.223141],[112.663921,-7.22263],[112.664104,-7.222314],[112.664348,-7.222169],[112.664576,-7.2222],[112.664833,-7.222366],[112.665162,-7.222707],[112.665448,-7.222833],[112.665802,-7.222793],[112.666293,-7.22261],[112.666762,-7.222268],[112.667047,-7.221934],[112.66728,-7.221611],[112.667602,-7.220854],[112.667836,-7.220485],[112.668207,-7.220269],[112.669001,-7.219616],[112.669967,-7.218432],[112.669965,-7.218517],[112.670011,-7.218531],[112.670107,-7.218346],[112.670143,-7.218358],[112.670145,-7.218476],[112.670246,-7.218484],[112.670347,-7.218349],[112.670442,-7.218365],[112.670578,-7.218257],[112.670684,-7.218269],[112.670838,-7.218221],[112.670882,-7.218259],[112.670863,-7.218314],[112.670668,-7.218446],[112.670699,-7.218692],[112.670445,-7.219059],[112.670406,-7.219258],[112.670154,-7.219488],[112.670226,-7.219699],[112.670372,-7.219826],[112.670481,-7.219853],[112.670708,-7.21983],[112.670802,-7.21989],[112.672158,-7.219767],[112.673221,-7.220339],[112.673955,-7.220355],[112.674061,-7.220429],[112.674089,-7.220536],[112.673961,-7.220768],[112.673913,-7.221032],[112.674139,-7.221368],[112.674415,-7.221912],[112.674521,-7.221994],[112.674805,-7.221912],[112.674631,-7.221834],[112.674527,-7.221612],[112.674467,-7.221314],[112.674578,-7.221205],[112.674765,-7.221267],[112.674958,-7.220983],[112.675204,-7.220798],[112.675707,-7.220799],[112.675883,-7.220763],[112.675993,-7.220818],[112.675966,-7.220894],[112.676012,-7.220944],[112.676247,-7.220994],[112.676174,-7.221003],[112.676157,-7.221305],[112.677103,-7.221143],[112.677103,-7.221012],[112.677209,-7.220673],[112.677311,-7.220572],[112.677474,-7.2205],[112.677541,-7.220412],[112.677699,-7.220426],[112.677714,-7.220304],[112.67781,-7.220207],[112.677873,-7.220202],[112.677881,-7.220336],[112.678009,-7.220408],[112.678063,-7.220586],[112.678063,-7.220658],[112.677983,-7.220792],[112.678068,-7.220854],[112.678068,-7.221006],[112.678121,-7.220944],[112.678376,-7.221062],[112.67846,-7.220989],[112.678592,-7.221063],[112.678799,-7.221031],[112.678824,-7.221071],[112.678925,-7.221051],[112.678995,-7.22111],[112.67918,-7.221157],[112.679247,-7.221122],[112.679336,-7.221159],[112.679566,-7.221158],[112.679655,-7.221229],[112.679731,-7.221166],[112.67979,-7.221188],[112.679786,-7.221259],[112.679972,-7.22127],[112.680118,-7.221396],[112.680244,-7.221386],[112.680308,-7.221878],[112.680231,-7.222042],[112.680256,-7.222096],[112.680178,-7.222321],[112.680177,-7.22269],[112.680141,-7.222802],[112.680182,-7.222993],[112.68015,-7.22302],[112.68027,-7.223111],[112.680275,-7.223169],[112.680459,-7.223296],[112.680512,-7.223419],[112.680612,-7.223418],[112.680646,-7.223487],[112.680706,-7.223493],[112.680772,-7.223569],[112.680823,-7.223544],[112.680962,-7.223655],[112.681085,-7.223696],[112.681238,-7.223703],[112.681336,-7.223769],[112.68177,-7.223777],[112.68187,-7.223815],[112.682049,-7.22397],[112.682062,-7.224085],[112.682102,-7.224036],[112.682293,-7.224095],[112.682458,-7.224184],[112.682438,-7.224281],[112.682574,-7.224338],[112.682672,-7.224319],[112.682692,-7.224516],[112.682839,-7.224525],[112.682918,-7.224593],[112.683374,-7.224632],[112.683966,-7.224853],[112.68409,-7.224828],[112.684138,-7.224945],[112.684033,-7.225065],[112.684065,-7.225146],[112.684114,-7.225096],[112.684265,-7.225126],[112.684284,-7.225033],[112.684352,-7.225012],[112.684379,-7.22507],[112.684437,-7.225047],[112.684464,-7.225093],[112.684417,-7.225233],[112.68448,-7.225213],[112.684508,-7.225093],[112.684573,-7.2251],[112.68455,-7.225235],[112.684496,-7.22523],[112.684521,-7.225302],[112.68467,-7.225195],[112.684737,-7.22523],[112.68465,-7.225077],[112.684788,-7.22505],[112.684836,-7.225115],[112.684762,-7.22522],[112.684848,-7.225293],[112.684814,-7.225384],[112.684856,-7.225428],[112.684888,-7.225437],[112.684921,-7.225368],[112.684979,-7.225387],[112.685068,-7.225334],[112.685112,-7.225409],[112.685001,-7.225435],[112.684998,-7.225473],[112.685098,-7.225474],[112.685158,-7.225551],[112.685228,-7.225509],[112.685228,-7.225399],[112.68529,-7.225381],[112.685388,-7.225455],[112.685381,-7.225572],[112.685585,-7.225611],[112.685585,-7.225464],[112.685649,-7.225461],[112.685693,-7.225546],[112.686345,-7.225166],[112.686361,-7.225061],[112.686289,-7.224929],[112.686318,-7.224821],[112.686511,-7.22473],[112.686451,-7.224664],[112.686362,-7.224686],[112.686331,-7.224628],[112.686381,-7.224574],[112.686455,-7.22457],[112.686443,-7.224465],[112.686521,-7.224403],[112.686556,-7.224281],[112.686632,-7.224232],[112.686702,-7.224253],[112.6868,-7.224156],[112.686899,-7.224152],[112.686976,-7.224091],[112.687054,-7.224123],[112.687189,-7.22406],[112.687237,-7.224074],[112.687323,-7.223997],[112.68739,-7.22405],[112.687427,-7.224003],[112.687665,-7.22393],[112.687634,-7.223808],[112.687725,-7.22386],[112.687794,-7.223852],[112.687796,-7.223787],[112.68784,-7.223755],[112.687888,-7.223881],[112.688056,-7.223753],[112.688174,-7.223846],[112.688328,-7.223747],[112.688466,-7.22378],[112.688629,-7.223697],[112.688792,-7.22374],[112.68888,-7.223806],[112.689155,-7.22368],[112.689452,-7.223423],[112.689693,-7.223374],[112.690189,-7.223435],[112.690291,-7.223503],[112.690323,-7.223633],[112.690642,-7.223668],[112.690949,-7.223596],[112.691004,-7.223449],[112.691159,-7.223447],[112.691181,-7.223555],[112.691237,-7.223586],[112.691326,-7.223536],[112.691461,-7.223371],[112.691506,-7.223453],[112.69202,-7.223452],[112.692053,-7.223491],[112.692133,-7.223464],[112.692189,-7.223548],[112.692262,-7.223516],[112.692519,-7.223576],[112.692741,-7.223488],[112.692744,-7.223428],[112.692865,-7.223365],[112.692914,-7.223273],[112.693088,-7.223241],[112.693112,-7.223095],[112.693001,-7.223026],[112.693016,-7.222952],[112.693207,-7.223032],[112.693234,-7.222985],[112.693293,-7.223026],[112.693311,-7.222947],[112.693415,-7.223121],[112.693462,-7.223131],[112.693505,-7.222937],[112.693574,-7.222936],[112.693618,-7.222992],[112.693657,-7.222947],[112.69373,-7.222944],[112.693732,-7.222851],[112.69367,-7.222802],[112.693696,-7.222773],[112.693865,-7.222896],[112.693908,-7.222888],[112.693905,-7.222788],[112.694017,-7.222792],[112.694056,-7.222921],[112.694115,-7.222911],[112.694237,-7.222765],[112.694284,-7.222807],[112.694334,-7.222747],[112.694384,-7.222806],[112.694425,-7.222751],[112.694549,-7.22275],[112.694568,-7.222807],[112.694675,-7.222758],[112.694703,-7.222796],[112.694767,-7.222708],[112.694963,-7.222752],[112.694979,-7.22271],[112.695062,-7.222682],[112.695102,-7.222698],[112.695121,-7.222837],[112.695249,-7.22295],[112.69529,-7.222902],[112.695316,-7.222982],[112.695302,-7.222811],[112.695342,-7.222697],[112.695398,-7.222649],[112.695497,-7.222698],[112.695578,-7.222566],[112.695616,-7.222647],[112.695541,-7.223016],[112.695614,-7.222849],[112.695624,-7.22271],[112.695743,-7.22266],[112.695763,-7.223111],[112.695882,-7.222609],[112.696009,-7.222563],[112.696084,-7.222351],[112.696118,-7.222384],[112.696109,-7.222463],[112.696308,-7.222689],[112.69631,-7.222779],[112.696396,-7.222815],[112.696443,-7.22311],[112.696542,-7.222747],[112.696924,-7.222499],[112.696926,-7.222347],[112.69699,-7.222328],[112.69698,-7.222269],[112.697065,-7.222219],[112.697232,-7.222225],[112.697256,-7.222169],[112.697363,-7.222196],[112.697495,-7.222126],[112.697621,-7.222134],[112.697824,-7.222079],[112.698262,-7.222058],[112.698432,-7.221981],[112.698635,-7.221985],[112.699406,-7.22161],[112.699616,-7.221551],[112.699986,-7.221306],[112.70007,-7.221397],[112.700081,-7.221604],[112.700125,-7.221678],[112.700134,-7.221571],[112.700223,-7.22139],[112.700281,-7.221377],[112.700327,-7.220862],[112.700621,-7.220683],[112.700744,-7.220672],[112.700809,-7.220559],[112.70095,-7.220594],[112.701551,-7.220405],[112.701681,-7.220408],[112.701721,-7.220382],[112.701735,-7.220274],[112.701873,-7.220226],[112.701938,-7.220253],[112.701965,-7.22034],[112.702003,-7.220323],[112.701993,-7.220262],[112.702047,-7.220281],[112.702111,-7.220232],[112.702211,-7.220235],[112.702316,-7.220155],[112.7025,-7.220217],[112.702646,-7.220145],[112.702685,-7.220163],[112.703087,-7.220057],[112.703186,-7.220139],[112.703283,-7.220087],[112.703511,-7.220169],[112.703714,-7.220176],[112.70374,-7.220256],[112.703803,-7.220227],[112.703838,-7.220306],[112.703928,-7.22029],[112.703938,-7.22037],[112.704046,-7.220192],[112.704092,-7.220225],[112.704079,-7.220291],[112.704146,-7.220229],[112.704179,-7.220247],[112.704153,-7.220369],[112.704217,-7.220342],[112.704251,-7.220372],[112.704374,-7.220262],[112.704427,-7.220285],[112.704483,-7.220232],[112.704483,-7.220178],[112.704542,-7.220176],[112.704518,-7.22008],[112.704559,-7.220049],[112.704631,-7.220092],[112.704619,-7.220146],[112.70467,-7.220197],[112.704682,-7.220068],[112.704762,-7.220125],[112.704817,-7.220081],[112.704846,-7.220136],[112.704979,-7.220104],[112.704971,-7.220223],[112.705013,-7.220234],[112.705063,-7.220172],[112.705121,-7.220228],[112.705071,-7.220302],[112.705195,-7.220355],[112.705086,-7.220451],[112.705148,-7.220523],[112.705205,-7.22051],[112.705317,-7.220571],[112.705325,-7.220667],[112.705477,-7.220874],[112.705506,-7.221089],[112.705673,-7.221173],[112.705701,-7.221274],[112.705568,-7.221408],[112.705582,-7.221473],[112.705678,-7.221451],[112.705725,-7.221505],[112.705744,-7.221746],[112.705703,-7.221913],[112.705763,-7.221915],[112.705768,-7.221978],[112.705688,-7.222059],[112.705676,-7.222168],[112.70577,-7.222221],[112.705767,-7.222352],[112.705884,-7.222523],[112.705854,-7.222622],[112.705903,-7.222727],[112.705909,-7.222949],[112.705837,-7.222996],[112.705862,-7.223067],[112.705931,-7.223097],[112.705938,-7.22348],[112.706154,-7.223495],[112.706134,-7.224531],[112.706171,-7.22507],[112.705853,-7.226023],[112.705857,-7.226214],[112.705908,-7.226385],[112.706056,-7.226596],[112.706759,-7.227269],[112.706947,-7.227627],[112.707001,-7.227906],[112.707025,-7.228813],[112.707132,-7.229404]]]]}}]}